having_ip_address,url_length,having_at_symbol,prefix_suffix_dash,multi_subdomains,https_token,has_https,shortining_service,count_dots,count_digits,count_special_chars,has_suspicious_words,domain_age,favicon_mismatch,redirects,has_hidden_iframes,has_password_fields,Label
0,0,0,0,0,0,1,0,1,1,0,0,0,0,0,0,0,0
1,1,0,1,0,0,0,0,7,28,1,1,0,0,1,0,1,1
0,0,0,0,0,0,1,0,1,3,4,0,0,0,0,0,0,0
0,1,0,0,0,0,0,0,1,0,4,0,0,0,0,0,0,0
0,0,0,0,0,0,1,0,1,8,0,0,0,0,0,0,1,0
1,0,0,1,1,0,1,1,7,3,10,1,1,0,1,0,0,1
0,0,0,0,0,0,1,0,2,0,4,0,0,0,1,0,0,0
0,0,0,0,0,0,1,0,1,8,2,1,0,0,0,0,0,0
0,0,0,0,0,0,1,0,1,0,1,0,0,0,0,0,0,0
0,0,1,1,1,1,1,1,9,41,3,1,1,0,1,1,0,1
0,0,0,0,0,0,1,0,3,1,4,0,1,0,0,0,0,0
0,0,0,0,1,0,1,1,1,5,3,0,0,0,0,0,0,0
0,0,0,0,1,0,1,0,1,6,4,0,0,0,0,0,0,0
0,1,0,0,0,0,1,0,2,3,2,0,1,0,0,0,0,0
0,0,0,1,1,1,0,0,1,24,7,0,1,0,1,0,1,1
0,0,0,0,0,0,0,1,3,3,0,0,0,0,0,0,0,0
0,1,0,1,1,1,0,0,2,45,14,1,1,1,1,1,0,1
0,0,0,1,0,0,0,1,8,31,1,0,1,0,0,0,0,1
0,0,0,1,1,0,0,0,3,5,8,1,0,0,1,1,1,1
0,0,0,0,0,0,1,0,3,8,3,0,0,0,0,0,1,0
0,1,0,0,1,0,0,0,2,18,5,0,1,0,0,0,1,1
0,0,0,0,1,0,1,0,2,3,3,0,0,0,0,0,0,0
1,1,0,1,1,1,0,0,8,20,14,0,1,0,1,0,1,1
0,1,0,1,0,0,0,0,4,1,6,0,1,1,0,0,1,1
1,0,1,1,0,0,0,0,9,0,4,0,1,1,0,0,0,1
1,1,0,1,1,0,1,0,4,49,13,0,1,1,0,0,1,1
1,0,0,0,0,1,1,0,2,24,1,1,1,0,1,0,1,1
0,0,0,1,1,0,0,1,6,4,14,0,1,1,1,0,1,1
0,1,0,0,1,0,0,0,5,47,4,1,1,0,1,0,1,1
1,1,0,1,0,0,0,1,3,5,1,1,1,0,1,0,1,1
0,0,0,0,0,0,1,0,1,2,3,0,0,0,0,0,0,0
0,1,0,1,0,0,1,0,3,3,2,0,0,0,1,0,0,0
0,1,1,1,1,0,1,0,2,13,12,1,1,1,1,0,1,1
0,1,0,1,1,0,0,1,7,12,14,1,1,0,0,1,1,1
1,1,0,1,1,0,1,1,9,25,8,1,1,0,1,1,1,1
0,0,0,0,0,0,1,0,3,1,4,0,0,0,0,0,0,0
0,1,0,1,1,0,0,1,3,6,4,1,1,0,1,0,1,1
0,0,0,1,0,0,1,0,1,7,0,0,0,0,0,0,1,0
0,0,0,0,0,0,1,0,3,1,0,1,0,0,0,0,1,0
0,0,0,0,0,0,0,0,3,6,3,1,0,0,0,0,0,0
0,0,0,0,0,0,1,0,1,6,1,0,0,0,0,0,1,0
0,1,0,0,0,0,1,0,3,0,1,0,0,0,0,0,0,0
0,1,0,0,0,0,1,0,9,1,8,1,1,1,0,1,1,1
0,1,1,1,0,0,0,0,4,17,12,0,1,0,1,0,0,1
0,1,0,0,1,0,0,1,3,8,2,0,1,0,0,0,1,1
0,0,0,1,0,0,1,1,5,34,6,1,1,0,0,1,1,1
0,1,0,1,1,0,0,0,2,44,4,0,0,0,0,0,1,1
0,0,0,0,0,0,1,0,1,3,4,0,0,0,1,0,0,0
0,1,0,1,0,1,0,0,2,7,10,1,1,1,0,1,0,1
1,1,0,0,1,0,1,0,1,4,3,1,1,0,0,1,1,1
0,0,0,0,0,0,0,0,1,7,0,1,0,0,0,0,0,0
1,1,1,1,0,0,0,0,2,10,9,0,1,0,0,0,1,1
0,1,0,0,0,0,1,0,2,6,0,0,0,0,0,0,0,0
0,0,0,1,1,0,0,1,2,28,4,1,1,0,1,1,1,1
0,0,0,0,0,0,1,0,1,7,1,0,0,0,0,0,0,0
1,1,0,1,1,0,0,0,9,35,5,1,1,1,0,1,1,1
0,1,1,1,1,0,0,0,8,34,9,0,1,1,0,0,1,1
0,0,0,0,0,0,1,0,2,7,1,0,0,0,0,0,0,0
0,0,0,0,0,0,1,0,1,6,0,0,0,0,0,1,1,0
0,0,0,0,0,0,1,0,1,9,4,0,0,0,0,0,1,0
0,0,0,1,0,0,1,0,1,3,0,0,1,0,0,0,1,0
0,0,0,0,0,0,1,1,1,3,4,0,0,0,0,0,1,0
0,0,0,0,0,0,1,0,2,9,2,0,0,0,0,0,0,0
0,1,0,1,0,0,1,0,2,4,1,0,0,0,0,0,1,0
0,0,0,0,0,0,1,0,1,1,3,0,0,0,0,0,0,0
0,0,1,1,1,0,0,0,6,11,7,1,1,0,1,1,1,1
0,1,0,1,1,0,0,0,4,27,13,0,1,1,1,0,0,1
0,1,0,0,0,0,1,0,3,4,2,0,0,0,0,0,0,0
0,1,0,1,1,0,0,0,3,44,2,1,1,0,1,0,1,1
1,1,0,1,1,1,0,1,7,15,0,1,1,1,1,0,1,1
0,0,0,1,1,0,1,0,5,34,12,0,1,1,0,1,1,1
1,1,0,1,1,1,0,0,8,25,13,1,1,1,1,0,1,1
0,0,0,0,0,0,0,0,2,1,2,0,0,0,0,0,1,0
0,1,0,1,1,0,0,0,4,13,3,1,1,1,1,0,1,1
0,0,0,0,0,0,1,0,2,3,0,0,0,0,0,0,0,0
1,1,1,0,1,0,0,1,3,46,3,0,1,0,0,0,0,1
0,0,0,1,0,0,0,1,8,1,8,0,1,1,1,0,1,1
0,1,0,1,1,0,0,0,1,8,12,0,1,0,1,0,1,1
0,1,0,0,0,0,1,1,2,3,0,0,0,0,0,0,0,0
0,1,0,1,1,0,0,0,1,11,5,0,1,0,1,0,1,1
0,0,0,0,0,0,0,0,3,3,3,0,0,0,0,0,0,0
0,1,0,1,1,1,0,0,3,10,12,1,1,0,1,1,1,1
0,0,0,0,1,0,1,0,2,6,0,0,0,0,0,0,0,0
0,1,0,0,0,0,1,0,9,9,1,1,1,0,0,0,0,1
0,0,0,0,0,1,1,0,3,0,4,0,1,0,0,0,1,0
0,0,0,0,0,0,1,0,2,2,2,0,1,0,0,0,0,0
0,1,0,1,0,0,0,1,1,46,3,0,1,0,0,0,1,1
0,0,0,0,0,0,1,0,1,1,4,0,1,0,0,0,0,0
1,1,0,1,0,0,0,1,5,41,11,0,1,1,1,1,1,1
1,0,0,1,1,0,0,0,6,22,2,0,1,1,0,0,1,1
0,1,0,0,1,1,0,1,4,16,2,1,1,0,1,0,1,1
0,1,0,1,1,1,0,0,6,20,5,1,1,1,0,1,1,1
0,1,1,1,1,0,0,0,1,23,6,0,1,0,1,1,1,1
0,1,0,1,1,0,0,1,1,16,0,0,1,0,0,0,1,1
0,1,0,1,0,1,0,0,5,15,11,1,1,0,1,0,1,1
0,1,0,0,1,1,0,0,8,7,4,1,1,1,1,0,1,1
1,0,0,0,1,0,0,0,2,44,12,0,1,1,0,1,1,1
0,0,0,1,0,1,0,0,8,26,5,0,1,0,1,1,1,1
0,1,0,1,1,0,0,0,4,19,1,0,1,1,1,0,1,1
0,0,0,0,0,0,1,0,1,8,0,0,0,0,0,0,1,0
0,0,0,0,0,0,1,0,2,2,4,0,0,0,0,0,0,0
0,1,1,1,0,0,1,0,8,43,10,1,1,0,0,1,1,1
0,0,1,1,1,0,0,0,9,6,8,0,1,0,1,0,1,1
1,1,0,1,0,0,1,0,3,27,5,1,1,1,0,1,1,1
0,0,0,1,0,1,0,0,8,1,5,1,1,0,1,0,1,1
0,1,1,0,1,0,0,0,1,39,11,1,1,0,1,1,0,1
0,0,0,1,1,0,0,0,5,35,12,1,1,0,1,1,1,1
0,0,0,0,0,0,0,1,7,43,9,1,1,0,1,0,1,1
0,1,0,1,1,1,1,0,3,10,12,1,1,0,1,0,1,1
0,0,0,0,0,0,1,0,1,7,0,1,0,0,0,0,0,0
0,1,0,1,1,0,0,0,1,16,10,1,1,0,1,0,1,1
1,0,0,0,0,0,1,0,2,1,1,0,0,0,0,0,0,0
1,1,0,1,1,0,0,0,1,19,7,1,1,1,1,1,1,1
0,1,0,1,0,0,1,0,9,28,2,1,0,1,0,1,1,1
0,0,0,0,0,0,0,0,2,0,1,1,0,0,0,0,1,0
1,1,0,1,1,0,1,0,8,44,8,1,1,0,1,0,1,1
0,0,0,1,0,0,1,0,3,1,3,0,0,0,0,0,0,0
0,0,1,1,0,1,0,1,8,23,9,1,1,0,0,0,1,1
0,1,0,1,0,0,0,0,7,37,4,0,1,0,1,1,1,1
0,0,0,0,0,0,1,0,2,8,2,1,0,0,0,0,0,0
0,1,0,0,0,0,0,0,6,16,3,1,1,0,1,1,1,1
0,1,0,0,0,0,1,0,2,6,4,0,0,0,0,0,0,0
1,1,0,1,1,1,0,0,4,31,3,0,0,1,0,1,1,1
0,0,0,0,0,0,0,0,3,5,4,1,0,1,0,0,1,0
0,0,0,0,0,0,1,1,2,6,2,0,0,0,0,0,0,0
0,1,1,1,1,0,0,0,2,47,8,1,1,0,0,1,1,1
0,1,0,1,1,0,0,0,9,7,9,1,1,0,1,1,1,1
0,0,0,0,0,0,1,0,2,7,1,0,0,0,0,0,0,0
0,1,0,0,1,0,0,0,9,32,5,0,1,0,1,1,0,1
0,1,0,1,0,0,0,0,1,48,12,1,1,0,1,0,1,1
0,1,1,0,0,0,0,1,9,27,14,0,1,1,0,0,1,1
0,0,0,0,0,0,1,0,3,0,0,0,0,0,0,0,0,0
0,0,0,0,0,0,1,0,2,2,1,0,0,1,0,0,0,0
0,0,0,0,1,0,0,0,2,9,2,0,0,0,0,0,0,0
0,0,0,0,0,0,1,0,3,0,2,0,0,0,0,0,0,0
0,0,0,0,0,0,1,0,3,7,1,0,0,0,0,0,0,0
0,1,0,0,0,0,1,0,1,5,2,0,0,0,0,0,0,0
0,0,0,0,0,0,1,0,3,0,4,0,0,0,0,0,0,0
0,0,0,0,0,0,1,0,2,6,2,0,0,0,1,0,0,0
0,0,0,0,0,0,1,0,1,0,4,0,0,0,0,0,0,0
1,0,0,1,0,0,0,0,5,42,9,0,0,1,1,1,1,1
0,0,0,0,0,0,1,0,3,4,0,0,1,0,0,0,0,0
0,1,0,1,0,0,1,0,3,18,2,0,1,0,0,0,1,1
0,1,0,1,1,0,0,1,8,14,8,1,1,0,1,0,1,1
1,0,0,1,1,0,0,0,1,15,6,1,1,1,1,0,1,1
0,0,0,0,0,0,1,0,2,9,3,0,0,0,0,0,0,0
0,0,0,0,0,0,1,0,1,9,4,0,0,0,0,0,0,0
0,0,0,0,0,0,1,0,1,4,2,0,0,0,0,0,0,0
0,0,0,0,0,0,1,0,2,3,3,0,0,0,0,1,0,0
0,1,0,0,1,0,0,0,5,34,5,0,1,1,1,0,1,1
0,0,0,0,0,0,1,0,3,1,1,0,0,0,0,0,0,0
0,0,0,0,0,0,1,1,2,1,2,0,0,0,0,0,0,0
0,0,0,0,0,0,1,0,2,1,0,0,0,0,0,0,0,0
0,0,0,0,0,0,1,0,2,1,3,0,0,0,0,0,0,0
0,1,0,0,0,0,1,1,3,4,0,1,0,0,0,0,0,0
1,0,0,0,1,1,1,1,3,45,10,1,1,0,0,0,1,1
0,0,0,1,0,0,0,0,3,7,4,0,0,0,0,0,0,0
0,1,0,1,1,0,0,0,7,10,11,1,1,0,1,0,1,1
0,0,0,0,1,0,1,0,2,8,4,0,0,1,0,0,0,0
0,1,0,1,0,0,0,0,6,18,11,0,1,0,0,0,1,1
0,0,0,0,0,0,1,0,3,7,0,0,0,0,0,0,1,0
0,0,0,0,0,0,1,0,3,9,2,0,0,0,0,0,1,0
0,0,0,1,1,0,0,0,1,19,3,1,1,0,0,0,1,1
1,0,0,1,0,1,0,0,9,15,6,1,1,0,1,1,1,1
1,0,0,1,1,0,0,1,5,22,3,0,1,1,1,1,1,1
0,0,0,0,1,0,1,0,3,7,1,0,0,0,0,0,0,0
0,1,0,0,0,1,0,1,3,10,7,0,1,1,1,0,1,1
0,0,0,1,0,0,1,0,2,3,1,0,0,0,1,0,0,0
0,0,0,0,0,0,1,0,2,8,3,0,0,0,1,0,0,0
0,1,0,1,0,0,0,1,1,14,2,0,1,0,0,1,1,1
1,0,0,1,0,0,0,0,1,21,4,1,1,0,0,0,1,1
0,0,0,0,1,0,1,0,2,4,3,0,0,0,0,0,1,0
0,0,0,0,0,0,0,0,1,8,2,0,0,0,0,0,0,0
0,1,0,1,1,1,0,1,5,46,1,0,0,1,0,0,1,1
0,1,0,1,1,0,0,0,1,16,5,0,0,0,0,1,1,1
0,1,1,1,1,0,1,0,6,48,6,1,0,0,0,0,1,1
0,0,0,0,0,0,1,1,3,0,2,0,0,0,0,0,0,0
0,0,0,0,0,0,1,0,3,3,2,0,1,0,0,0,0,0
0,0,0,0,0,0,0,0,3,9,4,0,0,0,0,0,0,0
0,0,0,0,0,0,1,0,3,5,1,0,0,0,0,0,0,0
0,0,0,1,1,0,1,0,2,7,2,0,0,0,0,1,0,0
0,0,0,0,1,0,1,0,3,3,0,0,0,0,0,0,0,0
0,0,0,1,1,0,0,0,5,21,12,0,1,0,0,0,1,1
0,0,0,0,0,0,1,0,3,9,3,0,0,0,0,0,0,0
0,0,0,0,0,0,1,0,1,7,3,0,1,0,0,0,1,0
0,0,0,0,0,0,1,0,2,3,2,0,0,0,1,0,0,0
0,1,0,0,1,0,0,1,6,28,3,1,1,0,0,0,1,1
0,0,0,0,0,0,1,0,2,3,4,1,0,0,0,0,0,0
0,0,0,0,1,0,1,0,2,7,0,0,0,0,0,0,0,0
0,1,0,1,1,0,0,0,5,41,6,0,1,0,0,1,1,1
0,0,0,0,0,0,1,0,2,8,4,0,1,0,0,0,0,0
0,0,0,0,0,1,1,0,1,9,0,0,0,0,0,0,0,0
0,0,0,0,0,0,1,0,3,7,4,0,0,0,0,0,0,0
0,0,0,0,0,0,1,0,2,5,2,0,0,0,1,0,0,0
0,0,0,1,0,0,1,0,1,8,3,0,0,0,0,0,0,0
0,1,0,1,0,0,1,1,3,4,8,1,1,0,1,1,1,1
0,1,0,0,1,1,0,0,3,19,13,1,1,0,0,0,1,1
0,1,0,1,1,0,0,0,7,3,2,1,1,1,0,0,1,1
0,0,0,0,0,0,1,0,3,8,3,0,0,1,0,0,0,0
0,1,0,0,0,0,1,0,3,7,2,0,0,0,1,1,0,0
0,0,0,0,0,0,1,0,2,8,3,0,0,0,0,0,1,0
0,0,0,1,1,0,0,0,3,29,11,1,1,0,0,0,1,1
0,0,0,0,0,0,1,1,2,0,1,0,0,0,0,0,1,0
0,0,0,0,0,0,1,0,2,8,4,0,0,0,0,0,0,0
1,0,0,0,0,0,0,0,7,40,3,0,1,1,1,0,1,1
0,0,0,1,0,0,1,0,3,4,1,0,1,0,0,0,1,0
0,1,0,1,0,0,0,0,5,43,5,0,1,0,1,1,1,1
0,1,0,1,1,0,0,1,9,20,6,0,1,0,0,0,1,1
0,1,1,1,0,1,0,0,7,28,10,0,1,0,0,0,1,1
0,0,0,0,0,0,0,0,3,2,0,0,1,0,0,0,0,0
0,0,0,1,0,0,0,0,1,9,0,0,0,0,0,0,1,0
0,0,0,0,0,0,1,0,1,3,0,0,1,0,0,0,0,0
0,0,0,0,0,0,1,1,3,1,0,0,0,0,0,0,0,0
0,0,0,0,0,0,1,0,3,0,2,0,0,0,1,0,0,0
0,0,0,0,0,0,1,1,3,6,4,0,0,0,0,0,0,0
0,0,0,0,0,0,1,0,2,7,2,0,0,0,0,0,0,0
1,1,0,1,0,0,0,1,1,27,8,0,1,0,1,0,0,1
0,0,0,0,0,0,1,0,1,2,0,0,0,0,0,0,0,0
1,1,0,1,1,0,0,0,7,17,1,1,1,0,0,1,0,1
0,0,0,0,0,0,1,0,1,8,1,0,0,0,0,0,0,0
0,0,0,1,0,0,1,0,2,8,4,0,1,0,0,0,0,0
0,0,0,0,1,0,1,0,1,9,2,0,0,0,0,0,0,0
1,1,0,1,1,0,0,0,5,18,5,1,1,0,1,1,1,1
1,1,1,0,1,0,0,0,6,39,2,0,1,1,1,0,1,1
1,1,0,1,1,0,0,0,8,10,9,0,1,0,0,0,1,1
0,1,0,1,1,0,0,1,1,28,14,0,1,1,1,0,1,1
0,0,0,0,0,0,1,0,1,8,2,0,0,0,0,0,0,0
1,1,0,1,1,0,0,0,2,14,14,1,1,1,0,0,1,1
0,0,0,0,0,0,1,0,2,8,4,0,0,0,0,0,0,0
0,0,0,0,0,0,1,0,3,4,1,0,0,0,0,0,0,0
0,1,1,1,1,0,0,0,5,41,8,0,1,0,0,1,1,1
1,1,0,1,1,0,0,0,1,27,9,0,0,1,0,0,0,1
0,0,1,1,1,0,0,1,7,29,9,1,0,1,0,0,1,1
1,1,0,1,0,0,1,0,3,5,3,1,0,0,0,0,0,1
0,1,0,1,1,1,1,0,9,41,1,1,1,1,1,0,1,1
1,1,0,1,1,0,0,0,5,28,5,0,1,0,1,0,1,1
0,1,0,1,1,1,1,0,7,43,14,1,1,1,0,0,1,1
0,1,1,1,1,0,0,0,3,17,5,1,0,0,1,1,1,1
0,0,0,1,0,0,1,1,3,9,2,0,0,0,1,0,1,0
0,1,0,1,1,0,0,0,2,29,3,1,1,0,1,0,1,1
1,1,0,1,1,0,0,0,4,49,6,1,1,0,0,0,1,1
0,0,0,0,0,0,1,0,1,1,0,0,0,0,0,0,0,0
1,0,0,1,0,1,0,0,2,16,8,1,1,0,1,0,1,1
0,0,0,0,0,0,1,0,2,0,1,0,0,0,0,0,0,0
0,0,0,0,1,0,1,0,1,5,0,0,0,0,0,0,0,0
0,0,0,1,0,0,0,0,3,3,12,0,1,1,0,1,1,1
0,0,0,0,0,0,0,0,1,6,0,0,0,0,0,0,0,0
0,1,0,0,0,0,1,0,3,5,4,0,0,0,0,0,0,0
0,0,0,0,0,0,1,0,1,5,0,0,0,0,0,0,0,0
0,0,0,0,0,0,1,0,3,2,0,0,0,0,0,0,1,0
1,1,0,1,0,0,0,0,9,1,7,0,1,1,1,0,1,1
0,0,0,0,0,0,0,0,3,6,0,0,0,0,0,0,1,0
0,1,0,1,0,1,0,0,7,23,0,1,0,0,1,0,0,1
0,0,0,0,0,0,0,0,1,6,0,0,0,0,0,0,0,0
0,0,0,0,0,0,1,1,2,9,3,0,0,0,0,0,0,0
0,0,0,0,0,0,1,0,2,5,4,0,0,0,0,0,1,0
0,0,0,0,0,0,1,0,3,7,3,0,0,0,0,0,0,0
0,1,0,1,1,0,0,0,6,0,3,0,1,0,0,0,0,1
1,0,0,1,1,0,0,0,9,43,11,0,1,0,1,0,1,1
0,0,0,0,0,0,1,0,2,3,4,0,0,0,1,0,0,0
0,0,0,0,0,0,1,0,1,6,3,0,0,0,0,0,0,0
0,0,0,1,0,0,0,1,4,4,1,1,1,0,0,0,1,1
0,0,0,0,0,0,1,0,2,0,2,0,0,0,0,0,0,0
0,1,0,0,0,0,1,1,1,6,4,0,0,0,0,0,0,0
0,0,0,0,0,0,1,0,3,6,0,0,0,0,0,0,0,0
0,1,0,1,1,0,0,1,7,13,4,1,0,0,0,0,1,1
1,1,0,1,0,0,0,1,4,43,9,1,1,1,0,1,0,1
1,0,0,1,0,0,0,1,3,32,0,1,1,0,0,1,1,1
0,0,0,0,0,0,1,0,1,6,0,0,0,0,0,0,1,0
0,0,0,0,0,0,1,0,3,6,0,0,0,0,0,0,1,0
0,0,0,1,0,0,0,1,3,22,0,1,0,0,0,0,1,1
1,0,0,0,1,0,0,0,7,21,1,1,0,1,1,1,1,1
0,1,0,1,0,0,0,1,8,34,1,0,1,1,1,0,1,1
0,1,0,1,0,0,0,0,9,30,11,1,1,0,1,0,1,1
0,0,0,0,0,0,1,0,2,5,1,0,0,0,0,0,1,0
0,0,0,1,0,0,0,0,8,1,3,0,1,0,1,1,0,1
0,0,0,0,0,0,1,0,3,7,3,0,0,0,0,0,0,0
0,1,1,1,0,0,1,0,7,2,2,1,1,1,1,0,0,1
0,0,0,0,0,0,0,0,2,6,4,0,0,0,0,0,0,0
0,0,0,1,0,0,0,1,6,22,10,1,1,1,1,0,0,1
0,1,0,1,0,1,0,1,3,30,9,0,1,1,0,0,1,1
0,1,0,1,1,0,0,1,7,41,14,0,1,1,1,1,1,1
0,1,0,1,1,1,0,0,4,10,0,1,0,0,0,0,0,1
0,0,0,0,0,0,1,0,3,2,1,0,0,0,0,0,0,0
1,1,0,1,0,1,0,0,5,44,9,1,1,0,0,0,0,1
0,0,0,0,0,0,1,0,2,5,0,0,0,0,0,0,1,0
0,0,0,0,0,0,1,0,2,9,4,0,0,0,0,0,0,0
0,0,0,0,1,0,1,1,1,9,4,0,0,0,0,0,0,0
0,0,0,0,0,0,1,0,2,2,4,0,0,0,0,0,0,0
0,1,0,0,1,0,1,0,3,45,6,0,1,0,1,0,0,1
0,0,0,0,0,0,1,0,3,0,1,0,0,0,1,0,0,0
0,0,0,1,0,0,1,0,1,6,3,0,0,0,0,0,0,0
0,0,0,0,0,0,1,0,1,3,4,0,0,0,0,0,0,0
0,1,0,1,0,0,0,1,3,8,14,1,1,1,1,1,1,1
0,0,0,0,1,1,0,0,7,13,6,0,1,0,0,1,1,1
0,1,0,1,0,0,0,0,6,41,12,1,1,0,0,1,1,1
1,1,0,0,1,1,0,0,9,37,12,0,1,1,1,0,1,1
0,1,0,0,0,0,1,0,1,8,1,0,0,0,0,0,0,0
0,0,0,0,0,0,1,0,1,9,1,0,0,0,0,0,0,0
0,1,1,1,1,0,0,0,1,35,1,0,1,0,1,0,1,1
0,0,0,0,0,0,1,0,1,2,4,0,0,0,1,0,0,0
0,0,0,0,0,0,1,1,3,9,3,0,0,0,0,0,0,0
0,0,0,0,0,0,1,0,1,0,1,0,0,0,0,0,0,0
0,1,0,1,1,1,0,0,6,22,6,0,1,0,0,0,0,1
0,1,1,1,0,0,0,1,7,47,0,1,1,0,1,1,1,1
0,1,0,0,0,0,0,0,3,5,3,1,0,0,0,0,0,0
1,0,0,1,0,0,1,1,8,25,12,0,1,1,0,0,1,1
0,1,1,1,1,0,0,0,1,39,9,1,1,1,0,1,1,1
0,1,0,0,1,0,0,0,7,1,7,1,1,1,1,0,1,1
0,1,0,1,1,0,0,0,1,0,2,1,1,1,0,0,1,1
0,0,0,0,1,1,0,1,1,7,7,1,1,0,0,1,1,1
0,0,0,0,0,0,1,0,3,1,3,0,0,0,0,0,0,0
0,0,0,1,0,0,1,0,1,24,4,1,1,1,1,0,1,1
0,0,0,0,0,0,1,0,1,2,2,0,0,0,0,0,0,0
0,0,0,0,0,0,1,0,2,2,0,0,0,0,0,0,0,0
1,0,0,1,1,0,0,1,2,46,14,1,1,1,0,1,1,1
0,0,0,0,0,0,1,0,3,8,2,0,0,0,0,0,1,0
0,0,0,0,0,1,1,0,2,6,2,0,0,0,0,0,0,0
0,0,0,1,0,0,1,0,3,7,4,0,0,0,0,0,1,0
0,1,0,1,1,0,0,1,3,47,5,1,1,0,1,1,0,1
0,0,0,1,1,0,0,0,2,5,5,0,1,0,0,1,1,1
0,0,0,0,0,0,0,0,1,7,1,1,0,0,0,0,0,0
1,1,0,1,1,0,0,1,2,13,1,1,1,1,1,0,1,1
0,0,0,1,0,0,0,0,7,38,11,0,1,1,0,0,1,1
0,0,0,1,1,0,0,0,7,6,6,1,0,0,1,1,1,1
0,1,0,0,1,0,0,0,4,18,14,1,1,1,1,0,1,1
0,0,0,0,0,0,1,1,2,8,1,0,0,1,0,0,0,0
0,0,0,0,0,0,1,0,1,7,0,0,0,0,1,0,1,0
0,0,0,1,1,0,0,0,3,48,13,0,1,0,0,0,1,1
0,1,0,1,0,1,0,0,5,4,9,1,1,0,0,0,1,1
0,0,0,0,0,0,1,0,1,9,0,0,0,0,0,0,0,0
0,0,0,0,1,0,1,0,3,6,1,0,0,1,1,0,0,0
1,1,0,1,0,1,0,0,1,19,9,1,1,1,1,0,0,1
0,0,0,0,0,0,0,0,3,6,2,1,0,0,0,0,0,0
0,0,0,1,1,0,1,0,2,19,0,1,1,0,0,0,1,1
0,0,0,0,1,1,0,1,6,43,10,0,1,0,0,1,1,1
0,0,0,0,0,0,0,0,1,6,0,1,0,0,0,0,0,0
0,0,1,0,0,0,1,0,2,0,0,0,0,0,1,0,1,0
1,1,0,1,1,0,1,1,6,5,10,1,1,1,1,0,1,1
1,1,0,1,1,0,0,0,7,48,0,1,1,0,0,1,0,1
0,0,0,0,0,0,1,0,3,3,3,0,0,0,1,0,1,0
0,0,1,1,1,0,0,1,4,10,12,1,1,0,1,0,1,1
0,0,0,1,1,0,0,0,2,6,1,0,0,0,1,0,0,0
0,1,0,0,1,0,0,0,4,2,1,0,1,0,0,0,1,1
0,0,0,0,0,0,1,0,3,8,1,0,0,0,0,0,0,0
0,0,0,0,0,0,1,0,2,5,0,0,0,0,0,0,0,0
0,0,0,0,0,0,1,0,1,4,0,0,0,0,0,0,1,0
1,1,0,0,1,0,0,0,9,23,8,0,1,1,0,0,1,1
0,1,0,1,1,0,0,0,4,30,0,1,1,0,0,0,1,1
0,0,0,0,0,0,1,0,2,5,0,0,0,0,0,0,0,0
0,0,0,0,0,0,0,0,4,22,4,1,1,1,0,0,1,1
0,0,0,0,0,0,1,0,2,0,0,0,0,0,0,0,0,0
0,0,0,0,0,0,1,0,2,2,0,0,0,0,0,0,0,0
0,1,1,1,1,0,1,0,9,21,1,1,1,0,0,0,1,1
0,1,0,1,1,0,0,0,1,1,13,1,0,0,0,0,1,1
0,0,0,0,0,0,1,0,3,9,0,0,0,0,1,0,0,0
0,1,0,1,0,0,1,0,1,32,2,1,0,1,1,0,1,1
0,0,0,1,1,0,0,1,6,41,4,1,1,0,0,0,1,1
0,0,0,1,0,0,1,0,2,3,0,0,0,0,0,1,0,0
0,0,0,0,0,0,1,0,1,9,4,0,0,0,0,0,1,0
0,0,0,1,1,1,1,1,6,5,1,1,1,0,1,0,1,1
0,0,0,1,0,0,1,0,1,1,0,0,0,0,0,0,0,0
0,0,0,0,0,0,1,0,1,8,2,0,0,0,1,0,0,0
0,0,0,1,1,0,0,0,6,33,7,0,1,0,0,1,0,1
0,0,0,0,0,0,1,0,3,1,2,0,1,0,0,0,1,0
0,0,0,0,0,0,0,0,3,5,0,0,0,0,1,0,0,0
1,1,0,1,1,0,0,1,5,19,11,1,0,0,1,0,1,1
0,0,0,0,1,0,0,1,6,12,9,1,1,0,0,0,1,1
0,0,0,0,0,0,0,0,2,4,0,0,1,0,0,0,0,0
0,0,0,0,0,0,1,0,2,7,0,0,0,0,0,0,0,0
0,1,1,1,1,0,0,0,6,47,12,1,1,0,0,1,1,1
0,1,0,1,0,0,1,1,9,28,14,1,0,0,0,0,1,1
0,0,0,1,0,0,0,1,6,35,0,0,1,1,0,0,1,1
0,0,0,1,0,0,0,1,2,29,11,0,1,0,1,0,0,1
0,0,0,0,0,0,1,0,1,2,2,0,0,0,0,0,1,0
1,1,0,1,1,0,0,0,2,1,10,1,1,0,0,1,1,1
1,0,1,1,1,0,0,0,2,18,7,1,1,0,0,1,1,1
0,0,0,0,0,0,1,0,2,7,3,0,1,0,0,0,0,0
0,1,0,1,1,0,0,0,8,11,3,0,0,1,0,1,1,1
0,0,0,0,0,0,1,0,2,9,1,0,0,1,0,0,0,0
0,1,0,1,1,1,0,0,4,18,0,0,1,1,1,0,1,1
1,0,0,0,1,0,0,0,5,5,13,0,1,0,1,0,1,1
0,1,1,1,0,0,0,0,4,9,8,1,1,0,1,0,1,1
0,0,0,0,0,0,1,1,2,2,1,0,0,0,0,0,0,0
0,0,0,1,0,0,1,0,3,4,0,0,0,0,1,0,0,0
1,0,1,1,1,0,0,0,7,9,8,1,1,0,1,0,1,1
0,0,0,0,0,0,0,0,3,9,0,0,0,0,0,0,0,0
0,0,0,0,0,0,1,0,1,5,4,0,0,0,0,0,1,0
0,0,0,0,0,0,1,0,2,8,1,0,0,0,0,0,1,0
0,0,0,1,0,0,1,0,3,0,2,0,0,0,0,0,0,0
0,0,0,0,0,0,0,1,3,0,2,0,0,1,0,0,0,0
0,0,0,0,0,0,1,0,2,8,2,0,0,0,0,0,0,0
0,1,1,1,1,0,0,0,9,37,5,1,1,0,1,0,0,1
1,0,0,0,1,0,0,0,4,42,4,0,1,0,1,0,0,1
0,0,0,0,0,0,1,0,1,2,0,0,0,0,0,0,0,0
0,1,0,1,1,0,0,0,5,42,2,0,0,1,0,0,0,1
0,1,0,1,1,0,0,0,4,44,11,1,1,1,1,0,0,1
0,1,0,0,1,0,0,0,3,9,14,1,1,0,0,0,1,1
1,1,1,0,0,1,0,0,2,26,0,0,1,0,0,0,0,1
0,0,0,0,0,1,1,0,1,5,2,1,0,0,0,0,0,0
1,1,1,1,0,0,0,0,1,12,3,1,0,1,0,0,0,1
0,1,0,1,1,1,0,1,8,21,12,0,1,1,0,0,1,1
0,0,0,0,0,0,1,1,3,5,1,0,0,0,0,0,0,0
0,0,0,0,0,0,1,0,2,2,1,0,0,0,0,0,0,0
0,1,1,1,1,0,0,0,9,32,1,1,1,1,1,0,1,1
1,1,0,1,1,1,0,0,9,32,10,1,1,1,1,0,0,1
1,1,1,1,0,1,0,0,4,13,0,1,0,0,1,1,1,1
1,1,0,0,0,0,0,0,2,32,0,1,1,0,1,1,1,1
1,0,0,1,1,0,0,0,2,38,14,1,1,0,0,0,1,1
0,0,0,1,1,1,0,1,5,11,8,1,1,1,0,0,1,1
0,0,0,0,0,0,1,1,2,6,2,0,0,0,0,0,0,0
0,1,0,1,1,0,0,0,8,0,0,0,1,1,0,1,1,1
1,0,0,1,0,0,1,0,8,42,1,1,1,1,1,0,0,1
0,0,0,0,0,0,1,0,2,7,0,0,0,0,0,0,0,0
0,0,0,0,0,0,0,0,3,3,2,0,0,0,0,0,0,0
0,0,0,1,0,0,1,1,2,2,0,0,0,0,0,0,0,0
0,0,0,0,0,0,0,0,1,9,2,0,0,0,0,0,1,0
1,0,0,0,0,1,0,0,4,40,14,1,1,1,0,1,1,1
0,1,0,1,1,0,0,0,7,12,14,0,1,1,0,1,1,1
1,1,0,1,1,0,0,0,8,6,13,0,1,0,1,0,1,1
1,1,1,1,0,1,0,0,1,15,14,0,1,0,0,0,1,1
1,0,0,1,0,0,0,0,5,1,0,1,0,1,1,0,1,1
0,1,1,0,1,0,0,0,4,37,4,0,1,1,1,0,1,1
0,0,0,0,0,0,1,0,3,3,0,0,0,0,0,0,0,0
0,0,0,0,0,0,0,0,6,27,11,0,1,0,0,1,0,1
0,0,0,0,0,0,1,0,2,9,2,0,0,0,0,0,0,0
0,0,0,0,0,0,1,0,3,5,0,0,0,0,0,0,0,0
0,0,0,1,1,0,1,0,3,14,0,1,1,1,0,0,1,1
0,0,0,0,0,0,1,0,1,7,0,0,0,0,1,0,0,0
0,0,1,1,0,0,0,0,1,48,7,0,1,1,1,0,1,1
0,0,0,0,0,0,1,0,2,6,3,0,0,0,0,0,0,0
0,1,1,1,1,0,1,0,1,8,4,0,1,1,1,1,1,1
0,0,0,0,0,0,1,0,1,1,1,0,0,0,0,0,0,0
1,1,0,1,1,0,0,0,8,30,10,0,1,1,0,0,1,1
0,1,0,1,0,0,0,0,9,45,1,1,1,0,1,0,1,1
0,0,0,0,0,1,0,1,1,0,9,0,1,0,0,1,0,1
1,0,0,0,1,0,1,0,6,7,3,1,1,1,0,0,1,1
1,0,0,1,1,0,0,0,1,25,1,1,1,0,1,0,1,1
0,0,0,0,0,0,1,1,3,5,1,0,0,0,0,0,0,0
0,1,0,0,0,0,1,0,1,7,2,0,0,0,0,0,0,0
0,0,0,0,0,0,1,0,2,8,1,1,0,1,0,0,0,0
0,1,0,1,1,0,0,1,6,4,10,0,1,0,0,0,1,1
0,0,0,0,0,0,1,0,3,1,4,0,0,0,0,0,1,0
0,1,0,1,1,0,1,0,6,30,2,0,1,1,1,0,1,1
0,1,1,0,0,0,1,0,3,28,4,0,1,0,0,0,1,1
0,0,0,0,0,0,1,0,3,5,2,0,1,0,0,0,0,0
0,0,0,0,0,0,1,0,2,2,1,1,0,0,0,0,0,0
0,0,0,1,1,0,0,0,7,28,13,1,1,1,0,0,0,1
0,0,0,0,0,0,1,0,3,3,3,0,0,0,0,1,0,0
0,0,0,1,1,0,1,0,3,9,6,1,1,1,0,1,1,1
0,1,0,0,0,0,0,0,8,8,6,1,1,0,1,0,0,1
0,1,1,1,0,0,0,1,3,39,5,0,1,1,0,1,1,1
0,0,0,1,1,0,0,0,2,2,9,1,1,0,0,0,0,1
0,0,0,1,0,0,0,0,8,38,14,1,1,1,0,1,1,1
0,0,0,0,0,0,1,0,1,0,3,0,0,0,1,0,0,0
0,0,0,0,0,0,1,0,2,4,4,0,0,1,0,0,0,0
0,1,0,1,1,0,0,0,7,7,2,1,1,1,1,0,1,1
1,0,0,0,1,0,1,1,9,47,10,1,1,0,1,0,1,1
0,0,0,0,0,0,0,0,3,0,3,1,0,0,0,0,0,0
0,0,0,0,0,0,0,0,3,4,4,0,0,0,0,0,1,0
1,0,0,0,1,0,0,0,9,27,8,0,1,0,1,0,1,1
0,0,0,0,1,0,1,0,1,7,4,1,1,0,0,1,0,0
0,1,0,0,0,0,0,0,8,28,13,0,1,1,1,0,1,1
0,1,0,0,0,0,1,0,1,7,0,0,1,0,1,1,0,0
0,0,0,1,0,1,0,1,1,21,7,0,1,1,1,0,1,1
0,1,0,0,0,0,1,0,2,6,1,0,0,0,0,0,1,0
0,0,0,1,0,0,0,1,2,11,0,1,1,1,1,0,1,1
0,0,0,0,1,0,1,0,2,9,3,0,0,0,0,0,0,0
0,0,0,0,0,0,1,0,1,5,3,0,0,1,0,0,0,0
0,0,0,1,0,0,1,0,2,40,8,1,1,1,0,0,1,1
0,0,0,0,0,0,1,0,3,9,3,0,0,0,0,0,0,0
0,1,0,1,1,1,0,0,5,0,11,0,1,1,0,0,1,1
0,0,0,0,0,0,1,0,3,2,2,0,0,0,0,0,0,0
0,1,0,1,0,0,0,0,3,43,11,1,1,0,1,0,0,1
0,0,0,0,0,0,1,0,3,6,1,0,1,0,0,0,0,0
0,0,0,1,0,0,1,0,1,49,11,1,1,0,1,0,0,1
0,0,0,0,0,0,1,0,1,8,1,0,0,0,0,0,1,0
0,0,0,1,1,1,0,1,7,32,11,1,1,0,0,1,1,1
0,0,0,0,0,0,1,0,2,7,3,0,1,0,0,0,0,0
0,1,0,0,1,0,0,0,3,46,2,1,1,0,0,1,1,1
0,0,0,1,0,0,0,1,6,20,0,0,1,0,1,1,1,1
0,1,0,1,0,0,0,0,4,25,4,1,1,0,0,1,0,1
0,0,0,0,0,0,1,0,3,1,0,0,0,0,0,0,0,0
1,0,0,1,0,0,0,0,1,32,11,0,1,0,0,0,1,1
0,1,0,0,0,0,1,0,1,2,3,0,0,0,0,0,0,0
1,1,0,1,1,0,0,0,5,18,9,1,1,0,1,0,0,1
0,0,0,0,0,0,1,0,2,9,3,0,0,0,0,0,0,0
1,0,0,0,1,0,0,0,1,44,9,1,1,0,0,0,0,1
0,0,0,0,0,0,1,0,3,8,0,0,1,0,1,0,0,0
0,0,0,0,0,0,1,0,2,5,1,0,0,0,1,0,0,0
0,1,1,1,1,0,0,0,9,22,13,1,1,0,0,0,1,1
0,0,0,0,0,0,1,0,2,6,4,0,0,0,0,0,0,0
0,0,0,0,0,0,1,0,3,5,3,0,0,0,1,0,1,0
0,0,0,1,1,0,0,0,1,40,11,0,1,1,0,1,1,1
0,0,0,0,0,0,1,0,1,2,4,0,0,0,1,0,0,0
0,0,0,0,0,0,1,0,1,3,0,0,0,0,0,0,0,0
0,0,0,0,0,0,1,0,3,3,3,0,0,0,0,0,0,0
0,0,0,1,0,0,0,0,6,12,11,0,1,0,1,0,1,1
0,0,0,1,0,0,1,0,2,7,0,0,1,0,0,0,1,0
1,1,0,0,1,0,1,0,2,16,10,1,1,1,1,1,1,1
0,1,0,0,0,0,1,0,1,5,4,0,0,0,0,0,0,0
0,0,0,1,0,0,1,0,3,2,1,0,0,0,0,0,0,0
0,0,0,0,0,0,1,0,3,7,3,0,0,0,0,0,1,0
1,1,0,1,0,0,0,0,1,42,9,1,1,0,1,0,1,1
0,0,0,0,0,0,1,0,2,1,1,0,0,0,0,0,0,0
0,0,0,1,0,0,1,0,3,7,0,0,0,0,0,0,0,0
0,1,0,1,0,0,0,0,1,33,8,1,1,0,1,1,1,1
0,1,0,0,0,0,1,0,1,9,3,0,0,0,0,0,0,0
1,1,1,1,0,0,0,0,8,34,2,0,1,1,1,0,1,1
1,1,0,1,1,0,0,0,4,27,6,1,1,0,0,0,1,1
0,0,0,0,0,0,1,0,2,4,4,0,0,0,0,0,0,0
1,1,0,1,0,0,0,0,8,15,0,0,1,0,0,0,1,1
0,0,0,0,0,0,1,0,2,3,4,0,0,0,0,0,1,0
0,0,0,1,1,0,1,1,6,37,2,1,0,0,0,1,1,1
1,0,0,1,0,0,0,0,1,24,9,1,0,1,0,0,1,1
0,0,0,0,0,0,1,0,2,5,0,0,0,0,0,0,1,0
0,1,0,1,1,0,0,1,4,31,0,0,1,0,1,0,1,1
0,1,0,1,0,0,0,0,9,37,4,0,1,0,1,1,1,1
0,1,0,0,1,0,0,0,2,44,3,0,1,1,1,0,0,1
1,1,0,1,0,0,0,0,8,21,6,0,0,0,0,0,1,1
0,1,0,0,1,0,0,0,6,11,8,1,0,0,0,1,1,1
0,0,0,0,0,0,1,1,1,4,3,0,0,0,0,0,0,0
1,0,0,1,1,0,0,1,6,33,14,0,1,0,0,1,1,1
0,0,0,0,0,0,1,0,1,4,2,0,0,0,0,0,0,0
1,1,1,1,1,0,0,0,1,37,10,1,1,1,0,0,0,1
0,0,0,0,0,0,1,0,3,3,4,0,0,0,0,0,0,0
0,0,0,1,1,0,1,0,2,1,0,0,0,0,0,0,0,0
0,0,0,1,1,0,0,0,7,26,5,0,1,1,0,1,1,1
0,1,0,1,1,0,0,1,7,47,2,0,1,0,1,0,0,1
0,1,0,1,0,0,0,0,2,4,12,1,1,0,1,1,1,1
0,0,0,0,0,0,1,0,3,1,0,0,0,0,0,0,0,0
1,0,0,1,1,0,0,1,6,23,10,1,1,1,1,0,1,1
0,0,0,0,0,0,1,0,3,7,4,0,0,0,0,0,0,0
0,0,0,0,0,0,1,0,2,5,1,0,0,0,0,0,0,0
0,0,0,0,0,0,1,0,3,1,2,0,0,0,1,0,1,0
1,0,0,0,1,0,0,1,7,28,4,1,1,1,0,0,1,1
0,1,1,1,0,0,1,0,8,21,0,1,0,0,1,1,1,1
0,0,0,0,0,0,0,0,2,6,4,0,0,0,0,0,0,0
0,0,0,1,0,0,1,0,3,2,3,0,0,0,0,0,0,0
1,0,0,0,1,0,0,0,9,16,5,1,1,0,0,1,0,1
0,0,0,0,0,0,1,0,1,9,3,0,0,0,0,0,0,0
1,1,0,1,1,0,0,0,5,15,14,1,1,0,0,1,1,1
0,0,0,0,0,0,1,0,1,4,0,0,0,0,0,0,1,0
0,1,0,1,1,0,0,0,7,30,1,1,1,0,1,0,1,1
0,1,0,0,0,0,1,0,1,3,4,0,0,0,0,0,1,0
0,0,0,1,1,0,0,0,3,6,9,1,0,0,1,0,0,1
0,0,0,0,0,0,1,0,1,5,2,1,0,0,0,0,0,0
0,1,0,1,0,0,0,0,3,14,9,1,1,1,1,1,0,1
0,0,0,1,1,0,1,1,5,13,1,1,1,0,1,0,1,1
0,0,0,0,0,0,1,0,2,8,2,0,0,0,0,0,0,0
0,0,0,0,1,0,1,0,3,3,4,0,1,0,0,0,1,0
0,0,1,1,1,0,0,1,6,2,9,1,1,0,0,0,0,1
0,0,0,0,1,0,1,0,1,4,0,0,0,0,0,0,1,0
1,1,1,0,0,0,0,0,9,44,6,1,1,0,0,1,0,1
0,0,0,1,0,0,1,0,2,3,1,0,0,0,0,0,0,0
0,1,0,1,1,0,0,0,5,49,10,1,1,1,1,1,1,1
0,0,0,0,1,0,0,1,6,47,2,0,1,0,1,0,1,1
0,1,0,1,1,1,0,0,7,31,3,0,1,1,1,0,1,1
0,0,0,1,1,0,0,0,8,37,4,0,1,0,0,1,0,1
1,0,1,1,1,0,0,1,2,44,0,1,1,0,1,1,1,1
1,0,0,1,1,0,0,0,3,3,8,1,1,1,0,0,1,1
0,0,0,0,0,0,1,0,3,5,3,0,0,0,1,0,0,0
0,1,0,0,0,0,1,0,1,7,0,0,0,0,0,0,0,0
0,0,0,0,0,0,1,1,2,7,4,0,0,0,0,0,0,0
0,1,0,1,0,0,0,0,6,31,4,1,0,0,1,1,0,1
1,1,1,1,1,1,0,0,4,40,3,1,1,1,1,0,1,1
0,1,1,1,0,1,1,1,4,3,4,1,1,0,0,1,1,1
0,0,1,1,1,0,0,0,8,48,3,1,1,1,0,0,1,1
0,0,0,0,0,0,1,0,3,9,3,0,0,0,0,0,0,0
0,0,0,0,0,0,1,0,1,4,2,0,0,0,0,0,0,0
0,0,0,0,0,0,1,0,8,6,1,1,1,1,1,0,1,1
0,0,0,0,0,0,1,0,2,0,3,0,0,0,0,0,1,0
0,0,0,0,0,0,1,0,3,5,0,1,0,0,1,0,0,0
0,0,0,1,0,0,0,1,1,35,12,1,1,1,1,0,1,1
0,0,0,0,0,0,0,1,2,3,0,0,0,0,0,0,1,0
1,0,0,1,0,0,0,0,6,10,12,1,1,1,1,0,0,1
0,0,0,0,0,0,1,0,3,9,3,1,0,1,0,0,0,0
0,0,0,0,1,0,1,0,7,25,9,1,1,0,0,0,1,1
0,0,0,1,1,0,0,0,9,29,8,1,1,0,0,1,1,1
0,1,0,0,1,0,0,1,8,37,5,1,1,1,1,1,0,1
0,1,0,1,1,0,1,0,3,42,14,1,0,0,1,0,1,1
0,0,0,0,0,0,1,0,3,4,0,0,0,0,0,0,0,0
0,1,0,1,1,0,0,0,2,22,11,1,1,0,1,1,1,1
0,1,1,1,0,0,0,0,6,34,3,1,1,0,0,1,1,1
0,0,1,1,1,1,0,1,7,25,10,0,1,1,1,0,0,1
0,0,0,1,0,0,1,0,3,8,1,0,0,0,0,0,0,0
0,1,1,1,0,0,0,0,7,18,1,1,1,1,1,0,1,1
0,0,0,1,0,0,1,0,1,0,2,0,0,0,0,0,0,0
1,1,0,1,1,0,0,0,1,3,2,0,1,0,1,1,1,1
0,0,0,0,0,0,1,0,1,7,0,0,0,0,0,0,1,0
0,0,0,0,0,0,0,0,2,7,1,0,0,0,0,0,0,0
0,0,0,1,1,1,0,1,7,8,5,0,1,0,0,0,1,1
0,0,0,0,0,0,0,0,3,5,4,1,0,0,0,0,0,0
0,1,0,1,0,0,0,1,6,19,14,1,1,0,1,0,1,1
0,1,1,0,1,0,0,0,6,12,10,0,1,1,0,0,1,1
1,0,0,1,1,1,0,0,7,28,14,1,1,0,0,0,1,1
0,0,0,0,0,0,1,1,2,0,3,0,0,0,0,0,0,0
0,0,0,0,0,0,1,0,2,5,1,0,0,0,1,0,0,0
0,1,0,1,0,0,0,1,1,13,1,1,1,1,0,0,1,1
0,0,0,0,0,0,0,1,7,39,6,1,0,0,0,1,0,1
0,0,0,0,1,0,1,0,3,4,4,0,0,0,0,0,0,0
0,0,0,1,1,0,0,0,2,46,6,0,1,1,1,0,1,1
0,0,0,1,0,0,1,0,2,27,10,1,1,1,0,1,1,1
0,0,0,1,1,0,0,0,4,32,9,1,0,1,0,1,0,1
0,0,0,0,0,0,1,0,1,2,4,0,0,0,1,0,0,0
0,0,0,1,0,1,1,0,3,2,4,0,0,0,1,0,1,0
0,0,0,0,0,0,1,0,1,4,2,0,0,0,0,0,0,0
0,1,0,1,1,0,0,0,6,2,1,1,1,0,0,0,1,1
0,0,0,1,1,0,0,0,9,15,9,1,0,1,1,0,1,1
0,0,0,1,1,0,1,0,4,7,1,1,1,0,1,0,0,1
0,0,0,0,0,0,1,0,1,4,0,0,0,0,0,0,0,0
0,1,1,0,0,0,1,0,2,15,14,1,1,1,0,0,1,1
0,1,0,0,1,0,0,0,3,3,0,1,0,1,0,1,1,1
0,0,0,1,0,0,0,0,7,3,5,0,1,1,1,0,0,1
0,1,0,1,1,0,0,0,2,29,13,0,0,1,0,1,1,1
0,0,0,0,0,0,1,0,1,5,3,0,0,0,0,0,1,0
0,1,0,0,1,0,1,0,1,3,3,0,1,0,0,0,1,0
0,0,0,1,1,0,0,1,6,27,9,0,1,0,0,1,0,1
0,0,0,0,0,0,1,0,2,7,3,0,0,0,0,0,0,0
0,0,0,0,0,0,1,0,1,0,1,0,0,0,0,0,0,0
1,0,0,1,1,0,1,0,7,49,6,0,1,0,0,0,0,1
0,1,0,1,0,0,0,1,6,29,11,1,1,0,1,1,1,1
0,0,0,0,0,0,0,0,1,4,1,0,0,0,0,0,0,0
0,0,0,1,0,0,0,0,7,37,1,1,1,1,0,0,1,1
0,0,0,0,0,1,1,0,1,6,3,0,0,0,0,0,0,0
1,1,0,1,1,0,0,0,4,13,3,0,1,1,0,0,1,1
0,0,0,0,0,0,1,0,1,4,3,1,0,0,0,0,0,0
0,1,0,1,1,0,1,1,4,20,1,0,1,0,1,0,0,1
0,0,0,0,0,0,1,0,3,1,2,0,0,0,0,0,0,0
0,0,0,0,0,0,0,0,3,9,0,0,1,0,1,0,0,0
0,0,0,0,1,0,1,0,3,9,0,0,0,0,0,0,0,0
0,1,0,1,1,0,1,1,2,45,4,1,1,0,0,0,0,1
0,0,0,0,0,0,1,0,3,2,0,0,0,0,0,0,0,0
0,0,0,0,0,0,1,0,3,4,2,0,0,0,0,0,0,0
0,0,0,1,1,0,0,1,9,16,7,0,1,0,0,1,1,1
0,1,0,1,0,0,0,0,5,47,13,1,1,1,1,0,1,1
0,0,0,0,0,0,1,0,1,7,1,0,0,0,0,0,1,0
0,0,0,0,0,0,1,0,2,3,3,0,0,0,0,0,0,0
1,0,0,1,1,1,1,1,1,14,14,0,1,1,1,0,0,1
1,0,0,0,1,0,1,0,4,32,0,1,1,0,1,1,1,1
1,1,0,1,1,0,0,1,6,36,0,0,1,0,1,0,0,1
1,1,0,0,1,0,0,1,3,46,5,1,1,0,1,1,1,1
1,1,1,1,1,0,0,0,2,16,9,1,1,0,0,0,1,1
0,0,0,0,0,0,1,0,3,9,2,0,0,0,1,0,1,0
0,1,0,1,1,1,0,1,6,23,13,0,1,0,1,0,1,1
0,0,0,1,0,0,1,0,3,3,4,0,0,0,1,0,1,0
0,0,0,0,0,0,1,0,3,0,2,0,0,0,0,0,0,0
0,0,0,0,0,0,1,0,3,8,0,0,1,0,0,0,1,0
0,1,0,1,1,0,0,1,6,12,11,0,1,0,0,0,1,1
0,0,0,1,0,0,1,0,3,9,0,0,0,0,0,1,0,0
0,0,0,0,0,0,1,0,3,6,2,0,1,0,0,0,0,0
1,1,1,1,1,0,1,1,2,39,10,1,1,1,1,0,1,1
0,0,0,1,0,0,1,0,3,9,1,0,0,0,0,0,0,0
0,0,0,0,0,0,1,0,1,3,4,0,0,0,0,0,0,0
0,1,0,1,0,0,0,0,3,29,2,0,1,0,0,0,1,1
0,0,0,0,0,0,1,0,1,4,4,0,0,0,0,0,0,0
0,0,0,0,0,0,1,0,1,4,2,0,0,0,1,0,0,0
0,0,0,0,0,0,1,0,3,8,3,0,0,0,0,0,0,0
0,1,0,0,0,0,0,1,9,37,11,1,1,1,1,0,1,1
0,0,0,1,0,1,0,0,2,28,3,1,0,0,0,1,1,1
0,1,1,1,0,0,0,1,3,13,0,1,1,1,0,0,0,1
0,0,0,0,0,0,1,0,3,8,1,0,0,0,0,0,0,0
0,0,0,0,0,0,1,0,3,0,1,0,0,0,1,1,0,0
0,1,0,1,1,0,0,0,2,28,4,0,1,1,0,0,1,1
0,0,0,0,0,0,1,0,1,1,4,0,0,0,0,0,0,0
0,0,0,1,0,0,1,0,3,0,3,0,0,0,0,0,1,0
0,0,1,1,0,1,1,0,9,15,2,0,0,0,0,0,0,1
0,0,1,1,0,0,1,0,9,48,3,1,1,0,1,1,1,1
0,0,0,0,0,0,1,0,3,9,1,0,0,0,0,0,1,0
1,0,0,0,0,0,1,1,3,3,1,0,0,0,0,0,0,0
0,1,0,0,0,0,1,0,3,9,1,0,1,0,0,0,0,0
1,0,0,1,1,0,0,0,3,19,14,1,1,1,0,1,1,1
1,1,0,1,1,0,0,1,9,1,13,1,1,1,1,1,1,1
1,1,0,1,1,0,0,0,1,14,0,0,1,1,0,0,0,1
1,1,1,1,1,0,0,0,9,8,0,0,1,0,1,1,1,1
0,0,0,0,1,1,1,0,2,4,2,0,1,0,1,0,1,0
0,1,1,1,0,1,0,1,1,13,7,1,1,0,1,1,1,1
0,0,0,1,1,1,1,0,1,19,6,0,0,0,0,0,1,1
0,0,1,1,1,0,0,0,5,36,10,0,1,0,0,1,0,1
0,1,0,1,1,0,0,1,6,8,4,1,1,1,0,0,1,1
0,1,1,1,1,0,0,0,2,12,5,1,0,1,0,1,1,1
0,0,0,0,0,0,1,0,1,2,4,1,0,0,0,0,0,0
0,0,0,0,0,0,1,1,3,5,2,0,0,0,0,0,1,0
0,1,0,0,0,0,0,0,7,33,4,1,1,0,1,1,1,1
0,0,0,0,0,0,1,0,2,0,3,0,0,1,0,0,0,0
1,1,0,1,1,0,0,0,3,38,2,1,1,1,1,0,1,1
0,1,0,1,0,1,0,0,5,9,4,1,1,0,0,1,1,1
0,0,0,0,0,0,1,1,2,2,3,0,0,0,1,0,0,0
0,0,0,0,0,0,1,0,2,5,4,0,1,0,1,0,1,0
0,1,0,1,0,0,0,0,1,33,2,0,1,0,1,0,1,1
0,1,0,1,1,0,1,0,6,26,7,0,0,0,0,0,1,1
0,1,0,1,1,1,0,0,6,49,5,0,1,1,1,0,1,1
0,0,0,0,0,0,1,0,3,2,0,0,0,0,0,0,0,0
1,1,0,1,1,0,0,0,8,39,0,0,1,1,1,1,1,1
1,1,0,1,1,0,1,0,2,46,9,0,1,0,0,0,1,1
1,1,0,0,1,0,0,1,4,24,12,0,1,1,1,1,0,1
0,0,0,0,0,0,0,0,3,7,0,0,0,0,0,0,0,0
0,1,0,1,1,0,0,1,1,0,9,0,1,0,1,0,1,1
1,0,0,1,1,0,0,0,3,35,3,1,1,1,1,0,0,1
0,0,0,1,0,0,1,0,2,2,2,1,0,0,0,0,0,0
1,1,0,1,1,0,1,1,5,15,14,0,1,0,1,1,1,1
1,0,0,0,0,0,0,0,7,32,3,0,0,0,1,1,1,1
0,0,0,0,0,0,1,0,1,4,0,0,1,0,0,0,1,0
0,0,0,1,1,0,0,0,4,8,7,1,1,1,0,1,1,1
0,1,0,0,1,0,1,0,1,6,1,0,0,0,0,0,0,0
0,1,0,0,1,0,1,0,1,7,0,0,0,0,0,0,0,0
0,0,0,1,1,0,0,0,4,11,1,0,0,1,1,0,1,1
1,1,0,1,1,0,0,0,8,23,6,0,1,0,0,1,1,1
0,0,0,1,1,1,0,0,1,46,11,0,1,0,1,0,1,1
1,1,0,0,1,1,1,1,8,30,5,1,1,0,0,0,1,1
0,0,0,0,0,0,1,0,2,7,1,0,0,0,0,0,0,0
0,1,0,1,1,0,0,0,4,49,8,1,1,1,1,1,0,1
0,0,0,1,0,0,1,0,3,4,0,0,0,1,0,0,1,0
0,1,0,1,1,0,1,1,7,29,4,1,1,0,1,0,1,1
0,1,0,1,0,0,0,0,6,31,5,0,1,1,1,0,1,1
0,0,0,1,1,0,0,0,3,33,5,0,1,1,0,1,1,1
0,0,0,1,0,0,1,0,1,7,2,0,0,0,0,0,1,0
0,1,0,1,1,0,0,0,2,17,8,0,1,1,1,0,1,1
0,0,0,1,1,0,1,1,3,23,13,0,1,1,1,0,0,1
0,1,0,1,1,0,0,0,9,21,0,1,0,0,0,0,1,1
0,0,0,1,0,0,0,1,4,7,12,0,1,1,0,0,1,1
0,0,0,0,1,0,1,1,3,9,3,0,0,0,0,0,1,0
0,1,0,1,0,0,0,0,4,1,11,1,1,1,0,0,0,1
0,0,0,0,0,0,1,0,3,5,3,1,0,0,0,0,0,0
0,0,0,0,0,0,1,0,3,1,2,0,0,0,0,0,0,0
0,0,0,0,0,0,0,0,1,4,3,0,0,0,0,0,0,0
0,0,0,0,0,0,1,0,3,7,4,0,0,0,0,0,0,0
0,0,0,0,0,0,0,0,3,6,4,0,0,0,0,0,0,0
0,0,0,0,0,0,1,1,1,1,2,0,0,0,0,0,0,0
0,1,0,1,1,1,0,0,5,0,14,1,1,0,1,0,1,1
0,0,0,0,0,0,1,0,2,8,0,0,0,0,0,0,0,0
0,0,0,0,0,0,0,0,3,4,3,0,0,0,0,0,0,0
0,0,0,0,0,0,1,0,2,3,2,0,0,1,0,0,0,0
1,1,0,1,1,0,0,0,1,46,6,1,1,0,0,1,1,1
0,0,0,1,1,0,0,1,5,28,10,1,1,0,0,0,0,1
0,0,0,1,0,0,1,0,2,8,3,1,0,0,0,0,0,0
0,1,0,1,1,0,0,1,3,14,3,0,1,0,0,1,1,1
0,0,0,0,0,0,1,1,2,8,1,0,0,0,0,0,1,0
0,0,0,0,0,0,1,0,1,8,3,0,0,0,0,0,0,0
0,0,0,0,1,0,0,0,8,12,3,0,1,0,0,0,0,1
0,0,0,0,1,0,1,0,2,6,2,1,0,0,0,0,0,0
0,1,0,1,0,0,1,0,7,39,13,0,1,1,0,0,0,1
1,1,0,0,1,1,0,1,9,38,1,1,1,0,0,1,1,1
0,1,0,0,0,0,0,0,2,2,3,1,0,0,1,0,0,0
0,0,0,0,0,0,1,0,1,8,0,0,0,0,0,0,0,0
1,0,0,1,0,1,0,0,5,25,12,1,1,0,0,0,1,1
0,0,0,0,0,0,1,0,2,5,2,0,0,0,0,0,1,0
0,0,0,0,0,0,1,0,2,2,1,1,0,0,0,0,0,0
0,1,1,0,0,0,1,0,2,3,4,0,0,0,0,0,1,0
0,0,0,0,1,0,0,0,4,9,7,1,1,0,1,1,1,1
0,0,1,1,1,1,0,0,2,1,4,1,1,1,0,1,0,1
0,0,0,0,0,0,1,0,3,0,2,0,0,0,0,0,0,0
0,1,0,1,1,0,0,0,2,27,9,1,1,0,0,1,1,1
1,1,0,1,1,0,0,0,5,28,5,0,1,1,1,1,1,1
0,1,0,1,1,0,0,0,7,48,3,1,1,0,1,0,1,1
0,1,0,0,0,1,0,0,4,40,2,1,1,1,0,0,1,1
0,0,0,1,0,0,1,0,2,29,8,0,1,1,0,0,1,1
0,0,0,0,0,0,1,0,1,5,2,0,0,1,0,0,1,0
0,0,0,0,0,0,1,0,3,5,2,0,0,0,1,0,0,0
0,0,0,0,1,0,1,1,2,4,4,0,0,0,0,0,0,0
0,1,0,1,1,0,0,0,8,48,6,1,1,0,1,0,1,1
1,1,0,1,1,1,0,0,5,47,4,1,1,0,0,0,1,1
0,0,0,0,0,0,0,0,1,2,1,0,0,0,0,0,0,0
1,1,0,1,1,0,0,0,9,7,11,1,1,0,0,0,1,1
0,0,0,0,0,0,0,1,3,1,2,0,0,0,0,0,0,0
0,0,0,0,0,0,1,0,2,8,0,0,0,0,0,0,0,0
0,0,0,0,0,0,1,0,3,6,0,0,0,0,0,0,0,0
0,0,0,1,1,0,0,1,6,43,2,1,1,0,0,0,1,1
0,0,1,1,1,1,0,1,4,26,1,1,1,1,0,0,0,1
0,0,0,0,1,0,1,0,1,2,1,0,1,0,0,0,0,0
0,0,0,0,0,0,1,0,3,5,2,0,1,0,1,0,0,0
0,0,0,0,0,0,1,0,1,8,1,0,0,0,0,0,1,0
0,0,0,0,0,1,1,0,2,2,0,0,0,0,0,0,0,0
1,0,0,1,0,0,0,0,2,45,12,1,1,1,0,0,1,1
0,0,0,1,0,1,1,1,4,30,2,1,1,1,1,0,1,1
0,0,1,0,0,0,1,0,1,1,2,0,0,0,0,0,0,0
0,0,0,0,0,0,1,0,1,1,0,0,0,0,0,0,0,0
0,0,0,1,1,0,0,0,8,19,5,1,1,0,1,0,1,1
1,0,0,1,1,0,0,0,2,13,1,0,1,1,0,0,1,1
0,1,0,0,0,0,1,0,2,2,4,0,0,0,0,0,0,0
0,0,0,0,0,0,1,0,1,0,3,1,0,0,0,0,1,0
0,0,0,0,0,0,1,0,1,2,4,0,1,0,0,0,0,0
0,1,0,1,1,0,0,0,3,33,0,1,1,0,0,0,1,1
1,0,0,1,0,0,0,0,2,25,6,0,1,1,1,1,1,1
1,1,0,1,0,1,0,0,2,18,6,1,1,0,1,1,1,1
0,0,0,0,0,0,0,1,1,4,4,0,1,0,0,0,0,0
0,0,0,1,0,0,1,0,1,8,0,0,0,0,1,0,0,0
0,1,0,0,1,0,0,1,9,23,8,0,1,1,1,0,1,1
1,0,1,1,0,0,0,0,6,43,12,1,1,0,0,0,1,1
0,0,0,0,0,0,0,0,1,1,0,0,0,0,0,0,0,0
0,1,1,1,0,0,0,0,4,16,1,1,1,0,0,1,1,1
1,1,1,1,0,1,1,1,7,47,14,1,1,0,1,1,1,1
0,1,0,0,0,0,1,0,2,7,2,0,0,0,0,0,0,0
0,1,1,1,1,1,0,0,2,45,2,0,1,0,0,0,1,1
0,0,0,0,0,0,1,0,1,1,2,0,0,0,0,0,1,0
0,0,0,0,0,0,1,0,3,2,2,0,1,0,0,0,0,0
0,1,0,0,0,0,1,0,1,4,3,0,0,0,1,0,0,0
0,0,0,1,0,0,1,0,2,0,2,0,0,0,0,0,0,0
0,0,0,0,0,0,1,0,1,2,1,0,0,0,0,0,0,0
0,0,0,1,0,0,0,0,2,9,4,0,0,0,0,0,1,0
0,1,0,0,0,0,1,0,3,4,2,0,0,0,0,0,1,0
0,0,1,1,0,0,0,0,9,18,4,0,1,0,0,1,1,1
0,0,0,0,0,0,0,0,2,1,3,0,0,0,0,0,0,0
0,0,0,0,0,0,1,0,2,0,4,0,0,0,0,0,0,0
0,1,0,1,1,0,0,0,8,32,13,0,1,1,1,1,1,1
1,1,0,0,1,0,1,0,2,45,5,0,1,0,1,0,1,1
0,0,0,1,1,1,0,0,6,8,11,1,1,0,0,0,1,1
0,0,0,1,0,0,1,0,1,4,4,0,0,0,0,0,0,0
0,1,0,1,1,0,1,0,9,0,5,1,1,1,1,0,1,1
0,0,0,0,0,0,1,1,2,9,3,0,0,0,0,0,1,0
0,0,0,0,0,0,1,0,2,1,3,0,0,0,0,0,0,0
0,0,0,0,0,0,0,0,2,5,1,0,0,0,0,0,1,0
0,0,0,0,0,0,1,0,2,9,4,0,0,0,0,0,0,0
1,1,0,1,1,0,0,0,9,30,2,1,1,0,1,1,1,1
0,1,0,0,0,0,0,0,3,0,10,0,1,0,0,1,1,1
0,1,0,0,0,0,0,1,3,7,0,0,0,0,0,0,0,0
0,0,0,0,0,0,0,0,2,0,4,0,0,0,0,0,1,0
0,0,0,1,0,0,1,0,3,5,2,0,0,0,0,0,0,0
0,1,0,1,0,0,0,0,9,30,10,0,1,1,1,0,1,1
0,0,0,1,0,0,0,0,1,2,1,1,0,0,0,0,1,0
0,0,0,0,0,0,1,0,1,2,2,0,0,0,0,0,0,0
0,0,0,1,0,0,0,0,4,38,0,0,1,1,1,0,1,1
1,1,0,1,1,0,0,0,1,4,2,1,1,0,1,0,0,1
0,0,0,0,0,0,1,0,2,7,2,0,1,0,0,0,1,0
1,0,1,1,0,1,0,0,2,20,11,0,1,0,1,0,1,1
0,1,0,0,0,1,1,0,4,49,1,1,1,1,1,1,0,1
0,0,0,0,0,0,0,0,1,3,1,0,0,1,0,0,0,0
1,1,0,1,1,1,1,0,4,36,8,0,1,0,0,0,1,1
0,1,0,0,0,0,1,0,1,2,3,0,0,0,0,0,0,0
0,1,0,0,0,0,1,0,9,28,6,1,0,0,0,1,1,1
0,0,0,0,0,0,0,0,2,7,4,0,0,0,0,0,0,0
0,0,0,0,0,0,1,0,2,5,4,1,0,1,0,0,0,0
0,0,0,0,0,0,1,0,3,5,1,0,0,1,0,0,0,0
1,0,0,1,0,0,0,0,2,1,14,0,1,1,1,0,0,1
0,1,0,0,0,0,1,0,2,7,1,0,0,0,0,0,0,0
0,1,1,0,1,0,0,1,7,7,2,1,1,1,0,0,1,1
0,0,0,1,1,0,1,0,2,8,4,0,0,0,0,0,0,0
0,0,0,0,0,0,1,0,2,8,4,0,0,0,0,0,0,0
0,1,0,1,1,0,0,1,2,43,5,1,1,0,0,1,1,1
0,0,0,0,0,0,1,0,1,5,3,0,0,0,0,0,0,0
0,0,0,1,0,0,1,0,2,1,0,0,1,0,0,0,1,0
1,1,0,1,0,0,0,0,7,5,13,1,1,0,1,0,1,1
0,0,0,0,0,0,1,0,3,2,4,0,0,0,0,0,0,0
0,0,0,0,0,0,1,0,2,0,4,0,0,0,0,0,1,0
0,0,0,0,0,0,1,0,1,3,3,0,0,0,1,0,0,0
0,0,0,1,0,0,1,0,1,0,1,0,0,0,0,0,0,0
0,1,0,1,1,0,0,0,8,1,6,1,1,1,1,0,1,1
0,0,0,1,1,0,0,0,5,0,0,0,1,0,1,1,1,1
0,0,0,1,0,0,1,0,1,9,1,0,1,0,0,0,1,0
1,1,0,0,1,0,0,0,7,17,5,0,1,0,1,0,0,1
0,0,0,0,1,0,1,0,3,3,4,0,0,0,0,0,0,0
0,1,0,1,1,0,0,1,9,9,14,1,1,1,0,0,1,1
0,0,0,0,0,0,1,0,2,0,2,0,0,0,0,0,0,0
0,0,0,0,0,0,1,1,2,7,4,0,0,0,0,0,0,0
0,0,1,0,1,0,1,0,1,4,0,0,0,0,0,0,1,0
0,0,0,0,0,0,1,0,3,1,2,0,0,0,0,0,0,0
0,1,0,0,0,0,1,0,2,2,4,0,0,0,0,0,0,0
0,0,0,0,0,0,1,0,1,4,1,0,0,0,0,0,1,0
0,0,1,1,1,0,0,1,7,31,11,1,1,1,0,0,1,1
0,0,0,0,0,0,1,0,1,6,1,0,0,0,0,0,1,0
0,1,0,1,0,0,0,0,8,46,7,1,1,0,0,1,1,1
0,0,0,0,0,0,0,1,2,3,4,0,0,0,0,0,1,0
1,1,1,1,1,0,0,0,4,22,4,0,1,1,1,1,1,1
0,1,0,1,0,0,0,0,5,32,10,1,1,1,1,1,1,1
1,1,1,1,0,0,0,0,4,32,14,1,1,1,1,1,1,1
0,0,0,0,0,0,0,0,3,5,4,0,1,0,0,0,0,0
0,1,0,0,1,0,0,0,3,0,2,0,1,0,0,0,1,0
0,1,0,1,1,0,1,0,3,26,3,1,1,0,0,0,1,1
0,0,0,0,0,0,0,0,3,3,2,0,0,0,0,0,0,0
1,0,0,1,1,0,0,0,5,27,1,1,1,1,0,0,1,1
0,0,0,0,0,0,1,1,1,4,0,0,0,0,0,0,0,0
1,0,0,1,0,0,0,0,8,14,10,0,1,1,0,0,0,1
0,1,1,1,0,0,0,0,6,33,0,1,0,0,1,0,1,1
0,0,0,0,0,0,1,0,2,9,2,0,0,0,0,0,1,0
0,1,0,1,1,1,0,0,1,13,8,0,1,0,0,0,1,1
0,0,0,0,0,0,1,0,3,4,4,0,0,0,0,0,0,0
0,0,0,1,0,0,0,0,7,15,10,0,1,0,0,0,1,1
0,0,0,1,1,0,0,1,6,46,12,1,1,0,0,0,0,1
0,0,0,0,0,0,1,0,1,8,3,0,0,0,0,0,0,0
0,0,0,0,0,0,1,1,2,5,4,0,0,0,0,0,1,0
0,1,0,0,1,0,1,0,1,6,4,0,0,0,0,0,0,0
0,1,0,1,1,0,1,0,5,19,3,1,1,0,0,0,1,1
0,0,0,1,1,0,1,0,2,3,0,1,1,0,1,0,0,0
1,1,1,1,1,0,1,0,3,9,14,0,1,0,1,0,1,1
0,1,1,1,0,0,0,0,2,1,12,1,1,0,0,0,1,1
0,0,0,0,0,0,1,0,1,5,3,0,0,1,0,0,1,0
0,0,0,0,0,0,1,0,2,5,2,0,0,0,0,0,0,0
0,1,0,1,1,1,0,1,1,43,6,1,1,0,0,0,1,1
1,1,0,1,0,0,0,0,8,47,13,1,0,1,1,1,1,1
0,0,0,0,0,0,1,0,2,7,4,0,0,0,0,0,0,0
0,0,0,0,0,0,1,0,3,6,3,0,0,0,0,0,0,0
0,0,0,0,0,0,1,0,2,1,2,0,0,0,0,0,0,0
0,1,0,0,0,0,1,0,3,2,0,0,0,0,0,0,0,0
0,1,0,0,0,1,1,0,1,5,1,0,0,0,0,0,1,0
0,0,1,1,1,0,0,1,4,9,9,1,0,0,0,1,1,1
1,0,0,1,1,0,0,1,9,49,14,1,1,1,0,1,1,1
0,0,0,1,1,1,0,0,3,45,13,1,1,1,0,0,0,1
0,1,1,1,1,0,0,0,4,49,10,0,1,0,1,0,0,1
0,0,0,0,0,0,1,0,2,5,3,0,1,1,0,0,0,0
0,0,0,1,0,0,1,0,3,0,2,0,0,0,0,0,0,0
0,0,0,0,0,0,1,0,3,8,2,0,0,0,0,0,0,0
1,0,0,0,1,0,1,0,9,12,5,1,1,0,0,0,1,1
0,0,0,1,1,0,0,0,2,29,2,1,1,1,0,0,1,1
0,0,0,0,0,0,1,0,1,2,2,0,1,0,0,0,1,0
0,0,0,0,0,0,1,0,1,5,4,0,0,0,0,0,0,0
0,1,0,1,0,0,0,0,9,17,5,0,1,0,0,1,1,1
1,0,0,1,0,0,0,0,8,17,8,1,1,0,0,0,0,1
0,0,0,0,1,0,1,0,2,9,4,0,0,0,0,0,0,0
0,0,0,0,0,0,1,0,2,7,1,0,0,0,0,0,0,0
0,0,0,1,0,0,0,0,9,46,4,1,1,0,0,0,0,1
0,0,0,0,0,0,1,0,1,2,3,0,0,0,0,0,0,0
0,0,0,0,0,0,1,0,2,4,0,0,0,0,0,0,0,0
0,1,0,0,0,0,0,0,2,9,0,0,0,0,0,0,0,0
0,0,0,1,1,1,0,1,7,21,13,1,0,1,0,0,1,1
0,0,0,1,1,0,0,0,9,31,12,0,1,1,0,0,1,1
0,1,0,1,0,0,1,1,8,11,4,0,1,1,0,0,1,1
1,0,0,0,1,0,0,0,4,23,3,1,1,0,1,0,1,1
0,1,0,1,1,0,0,0,8,40,10,0,0,0,1,0,1,1
0,0,0,0,0,0,1,0,9,9,2,1,1,0,1,0,1,1
1,1,0,1,0,0,0,0,8,9,3,0,0,0,0,0,1,1
0,0,0,0,0,0,1,0,2,7,4,0,0,0,0,0,0,0
0,1,0,0,0,0,0,0,3,0,3,0,1,0,0,0,1,0
0,0,0,0,0,0,1,0,2,4,4,0,0,0,0,0,0,0
0,0,0,0,0,0,1,0,3,4,4,0,0,0,0,0,1,0
0,0,0,0,0,0,1,0,2,3,1,1,1,0,0,0,0,0
0,0,0,0,0,0,1,0,2,6,1,0,0,0,0,0,0,0
0,0,0,0,0,0,1,0,2,2,0,0,1,0,1,0,0,0
1,1,1,0,0,0,0,1,5,1,14,0,1,0,0,0,1,1
1,0,0,1,1,1,1,0,8,5,8,1,1,1,0,0,1,1
0,0,0,0,0,0,1,0,2,6,1,0,0,0,0,0,0,0
0,0,0,1,0,0,1,0,1,2,4,0,1,0,0,0,0,0
0,0,0,1,0,0,0,0,3,11,1,1,1,0,1,0,1,1
0,0,0,0,0,0,1,0,2,5,4,0,1,0,0,0,0,0
0,0,0,0,0,0,1,0,3,0,0,0,0,0,0,0,0,0
0,0,0,1,1,1,1,0,7,24,11,1,0,1,0,1,1,1
0,0,0,0,0,0,1,0,3,9,1,0,0,0,0,0,1,0
0,0,0,1,1,1,1,0,2,36,1,1,1,0,0,0,1,1
0,0,0,0,0,0,1,0,2,9,1,0,0,0,0,0,1,0
0,1,0,1,0,1,1,0,6,43,8,1,1,0,0,1,1,1
0,0,1,1,1,0,0,0,7,1,14,0,1,0,1,0,1,1
0,1,0,1,1,0,0,0,4,37,13,1,1,1,1,0,1,1
0,1,0,0,1,0,1,0,2,6,3,0,0,0,1,0,0,0
0,1,0,1,1,0,0,0,6,20,9,1,1,1,0,0,1,1
0,0,0,0,0,0,1,0,1,2,4,0,0,0,1,0,0,0
0,0,0,0,0,0,1,0,1,5,1,0,0,1,0,0,0,0
0,0,0,0,1,0,1,0,1,1,2,0,0,0,0,0,0,0
0,0,0,0,0,0,1,0,2,4,4,0,0,0,1,0,0,0
0,1,0,1,1,1,0,0,9,25,0,1,1,1,0,1,1,1
0,0,0,1,1,0,1,0,4,9,14,1,1,0,1,0,1,1
0,0,0,0,0,0,0,0,2,1,4,0,0,0,0,0,0,0
0,0,0,0,0,0,1,1,2,9,0,0,0,0,0,0,0,0
0,1,0,0,1,0,0,0,8,29,4,1,1,0,1,0,1,1
0,0,0,0,0,0,1,0,2,9,1,0,0,0,1,0,0,0
0,1,0,1,1,0,0,0,1,43,8,0,1,1,0,0,1,1
0,0,0,0,0,0,1,0,1,5,3,0,0,0,0,0,0,0
0,1,0,0,0,0,0,0,1,6,2,0,0,0,0,0,0,0
0,1,0,0,1,0,1,0,6,25,11,1,0,0,0,0,1,1
0,1,0,0,0,0,1,0,1,2,4,0,0,0,0,0,0,0
0,0,0,1,1,0,0,1,4,17,14,1,1,0,0,1,1,1
0,0,0,0,0,0,1,0,2,2,2,0,0,0,0,0,0,0
0,1,0,0,0,0,1,0,2,3,4,0,0,0,0,0,0,0
0,1,0,0,0,0,1,0,1,9,2,0,0,0,1,0,0,0
1,1,1,0,0,0,0,1,7,45,10,0,1,0,0,0,0,1
0,0,0,0,0,0,1,0,3,3,2,1,0,0,0,0,0,0
0,0,0,0,0,0,1,0,1,0,0,0,0,0,0,0,0,0
0,0,0,0,0,0,1,0,1,5,3,0,0,0,0,0,1,0
0,0,0,0,0,0,1,0,2,9,0,0,1,0,0,0,0,0
0,0,0,1,1,0,0,0,9,35,2,0,1,1,1,1,1,1
0,0,0,1,1,0,0,1,7,37,1,0,0,0,1,0,0,1
0,0,0,0,0,0,1,0,2,2,2,0,0,0,0,0,1,0
0,0,0,1,0,1,1,0,8,45,12,1,1,1,0,1,1,1
0,0,0,0,0,0,1,1,1,4,0,0,0,0,0,0,0,0
0,0,0,0,0,0,1,1,1,3,0,0,0,0,0,0,1,0
0,0,0,0,0,0,1,0,1,5,4,0,0,0,0,0,0,0
0,1,1,1,1,0,0,0,8,45,3,1,1,1,0,0,1,1
0,0,0,1,1,0,0,0,7,9,6,0,1,0,1,0,1,1
0,1,1,1,0,0,1,0,6,28,4,1,1,0,1,0,1,1
0,0,0,1,1,0,0,0,4,14,3,1,1,1,1,1,1,1
0,0,0,1,1,0,1,0,7,12,13,1,1,0,1,0,1,1
1,1,1,1,0,1,0,0,6,36,13,1,1,1,1,0,1,1
0,1,1,0,1,0,0,0,1,46,14,1,1,1,1,0,1,1
1,1,0,1,1,0,0,1,4,19,10,1,1,1,1,0,1,1
0,0,1,1,1,1,0,1,4,23,10,0,1,0,0,1,1,1
0,0,0,0,0,0,1,0,2,2,2,0,0,0,0,0,0,0
0,1,0,1,1,0,0,0,2,22,11,0,1,1,1,0,1,1
0,1,1,1,1,0,1,0,6,13,6,1,1,1,1,0,1,1
0,1,0,1,1,0,1,0,8,44,10,0,1,0,0,0,1,1
0,0,0,1,1,0,0,0,1,44,6,1,1,0,0,1,1,1
1,0,0,1,1,0,0,0,4,35,14,1,1,0,1,0,0,1
1,1,0,1,1,0,1,0,6,16,12,1,0,1,0,1,1,1
0,0,0,1,1,1,0,1,2,26,7,1,1,1,0,0,1,1
0,1,0,0,0,0,0,0,9,31,8,0,1,1,1,0,1,1
0,1,0,1,1,0,1,1,4,44,1,0,0,1,1,1,1,1
1,1,0,1,0,1,0,1,4,28,8,0,1,1,0,1,1,1
0,1,1,1,1,0,0,0,9,44,14,0,1,1,0,0,0,1
0,0,0,0,0,0,1,0,2,9,2,0,0,0,1,0,0,0
0,0,0,0,0,0,0,0,3,4,0,0,0,0,0,0,1,0
0,1,1,0,0,0,0,0,6,18,14,0,1,1,0,0,0,1
1,0,0,1,0,1,0,0,2,37,2,1,1,0,0,0,0,1
0,0,0,0,0,0,1,0,3,5,3,0,0,1,0,0,0,0
1,0,0,0,1,0,0,0,2,49,12,1,1,0,0,0,1,1
0,0,0,0,0,0,0,0,3,1,1,0,0,0,0,0,0,0
0,0,0,0,1,0,1,0,1,0,0,0,0,0,0,0,1,0
0,0,0,0,0,0,0,0,3,8,1,0,0,0,0,0,0,0
0,0,0,0,0,0,1,0,2,6,4,0,0,0,0,0,0,0
0,0,0,0,0,0,1,0,2,8,0,0,0,0,0,0,0,0
0,1,1,1,1,0,0,0,4,30,4,1,1,1,1,0,1,1
0,0,0,0,0,0,0,0,1,6,3,0,0,0,0,0,0,0
0,0,0,1,0,0,1,1,1,32,7,0,1,0,0,1,1,1
0,1,0,1,0,0,0,0,1,49,11,1,1,0,1,0,1,1
0,0,0,0,0,0,1,0,3,0,4,0,0,0,0,0,1,0
0,1,0,0,0,0,0,0,2,1,1,0,0,0,0,0,0,0
0,1,0,1,0,0,0,1,9,26,13,0,1,0,0,0,1,1
0,0,0,1,0,0,1,0,1,2,0,0,0,0,0,0,0,0
0,1,0,0,0,0,1,0,2,2,0,0,0,0,0,0,0,0
0,0,1,1,0,1,0,1,3,23,7,1,1,1,0,0,0,1
0,1,0,1,1,0,0,0,7,7,9,1,1,1,0,0,1,1
0,0,0,0,0,0,1,1,2,7,1,0,0,0,0,0,0,0
0,0,0,1,1,0,0,1,2,3,5,1,0,0,0,0,0,1
0,0,0,0,0,0,1,0,2,9,0,0,0,0,0,0,1,0
0,0,0,0,0,0,1,0,1,8,1,0,0,0,0,0,0,0
0,0,0,1,0,0,1,0,2,3,0,0,0,1,0,0,0,0
0,1,0,1,1,0,0,0,5,6,1,1,1,0,0,1,0,1
1,1,0,1,1,1,0,0,8,46,11,1,1,1,1,1,1,1
0,1,0,0,0,0,0,0,3,17,8,1,1,1,1,0,1,1
1,1,0,1,1,0,1,0,4,15,4,1,1,0,1,0,1,1
0,0,0,1,1,0,0,0,1,24,12,0,1,1,0,0,1,1
0,0,0,1,0,0,1,1,3,3,1,0,0,0,0,0,0,0
0,0,0,0,0,0,1,0,1,4,1,0,0,0,0,0,1,0
0,0,0,0,0,0,0,0,2,1,1,0,0,1,1,0,0,0
0,0,0,0,0,0,1,0,1,2,1,0,0,0,0,0,0,0
0,1,0,1,1,0,0,0,6,19,5,1,1,1,1,1,1,1
0,0,0,0,1,0,0,0,2,1,0,0,0,0,0,0,1,0
0,0,0,1,1,0,0,0,6,32,12,0,1,0,0,1,1,1
0,0,0,0,0,0,1,0,2,0,0,0,1,0,0,0,0,0
0,1,0,0,1,0,0,0,4,33,12,1,1,0,0,0,0,1
1,1,1,1,1,0,0,1,7,23,14,0,1,0,1,0,1,1
1,0,0,0,0,0,1,0,2,6,4,1,0,0,0,0,1,0
0,0,0,0,0,0,1,0,2,9,4,0,0,0,0,0,0,0
0,0,0,0,0,0,1,0,2,6,2,0,0,0,1,0,0,0
0,0,0,1,0,0,1,0,1,1,4,0,1,0,1,0,0,0
0,0,1,1,1,0,0,0,8,45,13,1,1,0,1,0,1,1
0,0,0,0,0,0,1,0,1,1,0,0,0,0,0,0,0,0
0,0,0,0,1,0,1,0,3,9,0,0,0,0,0,0,0,0
0,1,0,1,0,0,1,0,2,20,10,0,1,1,0,0,1,1
0,0,0,0,0,0,1,1,3,8,2,0,0,0,0,0,0,0
0,0,0,0,0,0,1,0,1,7,3,1,0,0,0,0,0,0
0,0,0,0,0,0,1,0,2,3,3,0,0,0,1,0,1,0
0,0,0,0,0,0,1,0,3,4,1,0,0,0,0,0,0,0
0,0,0,0,0,0,1,0,3,5,0,0,0,0,0,0,1,0
0,1,0,1,1,0,0,1,8,39,4,0,1,1,0,1,1,1
0,0,0,0,0,0,0,0,1,9,0,0,0,0,0,0,0,0
0,0,0,0,0,0,1,0,1,1,0,0,0,0,0,0,0,0
0,0,0,1,1,0,0,0,2,6,4,0,0,0,0,0,0,0
0,0,0,0,0,0,1,1,1,4,2,0,1,0,0,0,1,0
0,0,0,1,0,0,1,0,1,5,3,0,0,0,0,0,0,0
1,1,0,1,1,0,0,1,9,40,12,0,1,0,0,0,1,1
0,0,0,0,0,0,0,0,2,1,3,0,0,0,0,0,0,0
0,0,1,1,1,0,0,1,8,32,14,1,1,0,0,0,0,1
1,1,0,1,0,1,0,0,9,23,11,1,1,1,1,0,0,1
0,0,0,0,0,0,1,0,2,6,4,0,0,1,1,0,0,0
0,0,0,0,0,0,1,0,3,5,0,0,0,0,0,0,0,0
0,0,0,1,0,0,1,0,3,8,4,0,1,0,0,0,0,0
0,0,0,0,0,0,1,0,2,1,0,0,0,0,0,0,0,0
0,0,0,1,0,0,0,0,5,28,5,1,0,1,0,0,0,1
0,0,1,0,0,0,1,0,2,2,3,0,0,0,0,0,0,0
0,0,0,0,0,0,1,0,1,4,4,0,0,0,0,0,0,0
0,0,0,0,0,0,1,0,3,9,1,0,0,0,0,0,0,0
0,0,0,0,0,0,1,0,2,9,0,1,0,0,0,0,0,0
0,0,0,0,0,0,1,0,1,4,1,0,1,0,0,1,0,0
0,0,0,0,0,0,1,0,2,3,3,0,0,0,0,0,0,0
1,1,0,1,1,0,0,1,9,26,7,1,1,1,1,0,1,1
1,1,1,0,1,0,0,0,1,39,4,1,1,1,0,0,1,1
0,0,0,0,0,0,1,0,2,9,0,0,0,0,0,0,0,0
0,0,0,0,0,0,1,1,2,2,0,0,0,0,0,0,0,0
0,0,0,0,0,0,0,0,2,3,2,0,1,0,1,0,1,0
1,1,0,0,1,0,0,0,5,25,3,0,1,1,1,0,1,1
0,0,0,0,0,0,1,0,2,1,3,0,0,0,0,0,1,0
0,0,0,1,1,0,1,1,5,10,1,1,1,1,1,0,1,1
0,0,0,0,0,0,1,0,2,6,0,0,0,0,0,0,1,0
0,0,0,0,0,0,1,0,1,1,4,0,0,0,0,0,0,0
0,0,0,0,0,0,1,0,2,8,4,0,0,0,0,0,0,0
1,0,0,0,0,0,1,0,1,8,3,0,0,0,0,0,0,0
0,1,0,1,1,0,1,0,2,29,0,1,1,0,1,0,1,1
1,0,1,1,1,0,0,1,4,33,8,1,1,1,1,0,1,1
0,0,0,0,0,0,1,0,2,5,3,0,0,0,0,0,0,0
0,0,0,0,0,0,1,0,1,2,3,0,0,0,0,0,0,0
1,0,0,1,1,0,0,0,8,48,6,0,1,0,1,0,1,1
0,1,0,1,1,0,0,0,7,11,2,1,1,0,0,0,1,1
0,1,0,1,1,0,0,0,8,9,8,0,1,1,1,0,1,1
0,1,1,1,1,0,0,0,3,27,3,1,1,1,0,1,1,1
0,0,0,0,1,0,1,0,2,0,2,0,1,0,0,0,0,0
1,1,0,0,0,0,0,0,8,34,3,0,1,1,0,0,1,1
0,0,0,0,0,0,1,0,1,8,2,0,0,1,0,0,0,0
0,0,0,1,1,0,1,1,2,48,5,0,0,0,1,1,1,1
0,1,0,1,1,0,1,0,2,35,14,1,1,0,1,1,1,1
0,1,0,0,1,0,0,1,2,22,14,0,1,0,1,0,1,1
0,1,0,1,0,0,0,1,5,47,3,1,0,1,0,1,0,1
1,0,0,0,0,0,1,1,3,33,3,1,1,1,1,0,1,1
0,0,0,1,0,0,1,0,3,9,3,1,0,0,0,0,1,0
0,0,0,0,0,0,1,0,1,7,0,0,0,0,0,0,1,0
1,1,1,1,0,1,0,1,1,44,13,0,1,0,1,0,0,1
0,0,0,1,1,0,0,1,7,32,9,1,1,1,0,1,1,1
0,0,0,0,0,0,1,0,3,0,2,0,0,0,0,0,0,0
0,1,0,1,0,0,1,0,7,41,7,1,1,1,1,0,1,1
0,1,0,1,1,0,0,0,7,45,11,1,1,0,0,0,1,1
0,0,0,0,0,0,1,0,3,9,2,0,0,0,1,0,0,0
0,0,0,1,1,0,0,0,5,44,11,0,1,1,1,1,1,1
1,0,0,0,1,1,0,0,6,22,1,1,1,1,1,0,1,1
0,0,0,0,0,0,1,0,2,4,4,0,1,0,1,0,0,0
0,0,0,0,1,0,1,0,3,6,1,0,0,0,0,0,0,0
0,0,0,0,0,0,0,0,1,3,2,0,0,0,0,0,0,0
1,0,0,0,1,0,0,0,5,1,13,0,1,0,0,0,1,1
0,0,0,1,0,0,1,0,2,9,2,0,0,0,0,0,0,0
0,0,0,0,1,0,1,0,1,4,4,0,0,0,1,0,0,0
1,0,0,0,1,0,1,0,2,3,2,0,0,0,0,0,0,0
0,1,0,0,1,0,1,0,3,9,1,0,1,0,0,0,0,0
0,0,0,0,0,0,1,0,3,3,1,0,0,0,0,0,0,0
0,1,0,0,0,0,1,0,2,9,4,0,0,0,0,0,1,0
0,1,0,1,0,0,0,0,3,7,12,1,1,0,1,0,1,1
0,1,1,1,1,0,1,0,4,14,4,1,1,0,0,1,1,1
0,0,0,0,0,0,1,0,3,7,2,0,0,0,1,0,0,0
0,0,0,0,0,0,1,0,3,9,0,0,1,0,0,0,0,0
0,0,0,1,0,0,1,1,3,2,4,0,0,0,0,0,0,0
0,1,1,1,1,1,0,1,6,25,10,1,1,0,1,0,1,1
0,0,1,1,0,0,0,1,2,48,9,1,1,0,1,1,1,1
1,1,0,1,1,0,1,1,4,43,14,0,1,1,1,0,1,1
0,0,0,1,0,0,0,0,9,46,7,0,1,1,0,1,1,1
1,1,1,0,0,0,0,1,5,48,1,1,1,1,1,0,1,1
1,1,0,1,1,0,1,1,7,26,4,0,1,1,0,0,1,1
0,0,0,1,1,1,1,0,8,13,4,1,1,1,1,0,1,1
0,0,1,1,0,0,0,0,5,30,8,0,1,0,1,0,1,1
0,1,0,1,1,0,1,0,8,29,14,0,1,0,1,0,1,1
0,0,0,0,0,0,1,0,2,6,1,0,0,0,0,0,0,0
0,0,0,0,0,0,1,0,3,7,3,0,0,0,0,0,0,0
0,0,0,0,1,0,1,0,3,8,0,0,0,0,0,0,0,0
0,0,0,0,0,0,1,0,3,9,1,0,0,0,0,0,0,0
0,0,1,0,1,1,0,1,5,13,9,1,1,0,0,0,1,1
1,1,0,1,1,1,0,0,7,15,11,1,1,0,0,0,1,1
0,0,0,0,0,0,1,0,3,0,0,0,0,0,0,0,0,0
0,1,0,1,1,0,0,0,2,42,11,0,1,0,0,0,1,1
0,0,0,0,1,0,1,1,1,7,2,0,0,0,1,0,0,0
0,1,0,1,1,0,0,0,6,23,0,1,1,1,0,0,1,1
0,0,0,0,0,0,1,1,2,2,0,0,0,0,0,0,0,0
0,1,0,1,0,0,1,0,3,8,13,0,1,0,0,0,0,1
0,0,0,0,0,0,0,0,7,3,12,1,0,0,1,1,1,1
0,0,0,0,0,0,1,0,3,9,4,0,1,0,0,0,0,0
0,0,0,1,1,0,0,0,7,13,10,0,1,0,0,1,1,1
0,0,0,0,0,0,1,0,3,6,3,0,0,1,0,0,0,0
0,0,0,0,0,0,1,0,2,9,3,0,0,0,0,0,0,0
0,0,0,0,1,0,1,0,3,2,2,0,0,0,0,0,0,0
0,0,0,0,0,0,1,0,2,3,1,0,0,0,0,0,0,0
0,1,1,1,1,1,0,0,5,31,3,1,1,0,1,0,1,1
0,1,0,1,1,0,0,0,4,0,13,1,1,1,1,0,1,1
0,1,1,1,0,0,0,0,9,11,10,1,1,1,1,0,1,1
0,1,0,0,0,0,1,0,3,1,3,0,0,0,0,0,1,0
0,1,0,1,1,0,0,0,8,43,6,1,1,0,0,0,1,1
0,0,0,0,0,0,1,0,2,6,1,0,1,0,1,0,0,0
0,1,0,1,1,0,0,1,5,20,14,0,1,0,0,0,1,1
0,1,1,0,1,0,0,0,3,48,8,1,1,0,1,0,1,1
0,1,0,0,1,0,0,0,3,34,4,0,1,0,1,0,1,1
0,0,0,0,0,0,1,0,1,1,4,0,0,0,0,0,0,0
1,1,0,1,1,0,0,0,5,29,13,1,1,1,1,1,1,1
0,0,0,1,1,0,0,0,5,27,3,1,0,0,0,0,1,1
0,0,0,0,0,0,0,0,2,9,3,0,0,0,1,0,0,0
0,0,1,1,1,1,0,0,8,1,3,0,1,0,1,1,1,1
0,0,0,1,0,0,1,0,2,3,1,0,0,0,0,0,1,0
0,0,0,0,0,0,0,0,3,31,7,0,1,0,0,0,1,1
0,0,0,0,0,0,1,0,2,2,4,0,1,0,1,0,0,0
0,0,0,0,0,0,1,0,2,1,2,0,1,0,0,0,0,0
0,1,0,1,1,0,0,0,1,48,11,1,1,1,0,0,0,1
0,0,0,0,0,0,1,0,2,2,4,0,0,0,0,0,0,0
0,0,0,0,0,0,1,0,1,7,0,0,0,0,0,0,0,0
0,0,0,1,0,0,1,0,1,6,0,0,0,0,0,0,0,0
0,0,0,0,0,0,0,1,1,6,1,0,0,0,0,0,0,0
0,0,0,0,0,0,0,0,2,2,3,0,0,0,0,0,1,0
0,0,0,1,0,0,1,0,3,9,2,0,1,0,0,0,0,0
1,1,0,1,1,0,0,0,2,31,5,1,1,0,0,0,1,1
0,0,0,0,0,0,1,0,1,6,1,0,0,0,0,0,0,0
0,0,0,1,0,0,0,0,2,8,3,0,0,0,0,0,1,0
1,1,0,1,1,0,0,0,4,40,14,1,1,1,0,0,1,1
0,1,1,1,0,0,0,1,6,3,4,1,1,1,1,1,1,1
1,0,0,1,0,1,0,0,3,20,2,1,1,0,0,0,1,1
0,1,1,1,1,0,0,0,2,42,12,1,1,0,0,0,1,1
0,1,0,1,0,1,0,1,2,31,9,0,1,0,1,1,1,1
0,1,0,1,1,0,0,1,3,47,2,1,1,1,0,1,1,1
0,0,0,0,0,0,1,0,2,22,5,1,1,0,1,0,1,1
0,0,0,0,0,1,1,0,3,9,2,0,0,0,0,0,0,0
0,0,0,0,0,0,1,0,1,7,0,0,0,0,0,0,0,0
0,1,0,1,1,1,0,1,8,1,10,1,1,0,0,0,1,1
0,1,0,0,0,0,1,0,2,4,1,0,0,0,0,0,0,0
0,0,0,0,0,0,1,0,3,7,3,0,0,0,1,0,1,0
0,0,1,0,1,0,1,0,3,2,0,0,0,1,0,0,0,0
1,0,0,0,1,0,0,0,7,18,14,1,1,0,0,1,1,1
0,0,1,1,0,0,0,0,1,45,1,0,1,1,0,0,1,1
0,0,0,0,0,0,1,1,1,3,3,0,1,0,0,0,0,0
0,0,0,1,1,0,0,0,2,30,5,1,1,0,0,0,1,1
0,0,0,0,0,0,1,0,2,3,2,0,0,0,1,0,0,0
0,1,0,0,0,0,1,0,2,7,2,0,0,0,0,0,0,0
0,0,0,1,0,0,0,0,3,8,4,0,0,0,0,0,0,0
0,0,0,0,0,0,1,0,1,0,3,0,1,0,1,0,0,0
0,1,0,1,1,0,0,0,5,19,7,1,0,1,1,0,1,1
1,0,1,1,1,1,0,1,8,4,6,0,1,0,1,0,1,1
1,1,0,1,0,0,0,1,6,6,12,1,1,1,1,1,0,1
0,1,0,0,0,0,1,0,1,9,0,0,1,1,0,0,0,0
0,1,1,0,1,1,1,0,5,49,3,0,1,1,0,0,0,1
0,0,0,1,0,0,1,0,3,7,2,0,0,0,0,0,0,0
0,0,0,1,1,0,0,0,8,9,2,1,1,1,0,0,1,1
0,0,0,0,1,0,1,0,1,3,4,0,0,0,0,0,0,0
0,0,0,0,0,0,1,0,1,6,2,0,0,0,0,0,0,0
0,0,0,0,0,0,1,0,2,1,1,0,1,0,0,0,0,0
0,1,0,1,0,0,1,0,4,22,2,1,1,1,1,1,1,1
0,0,1,1,1,0,0,0,6,8,7,0,1,0,0,0,1,1
0,1,0,1,1,1,0,0,1,8,2,1,1,0,0,0,1,1
1,1,0,1,0,1,0,0,7,31,3,0,1,0,0,0,1,1
0,0,0,0,0,0,1,0,1,3,3,1,0,0,0,0,1,0
0,1,0,1,1,0,1,1,3,37,8,1,1,0,1,1,1,1
0,1,0,0,1,1,0,0,5,2,5,1,1,0,1,0,1,1
0,0,0,0,0,0,0,0,2,5,4,0,0,1,0,0,0,0
0,0,0,0,0,0,1,0,3,5,0,0,0,0,0,0,0,0
0,0,1,0,0,0,1,0,2,3,1,0,1,0,0,0,1,0
1,0,0,1,1,0,0,1,2,21,14,0,1,1,0,1,1,1
0,0,0,0,0,0,0,0,1,7,4,0,0,0,0,0,0,0
0,0,0,0,0,0,1,0,2,3,0,0,0,0,1,0,0,0
0,0,0,0,0,0,1,0,2,4,4,0,0,0,0,0,1,0
1,1,1,1,1,0,0,0,3,12,1,1,1,0,0,1,1,1
0,0,0,1,0,0,1,0,2,8,2,0,0,0,0,0,1,0
1,0,0,1,1,0,0,1,1,31,4,0,1,0,0,0,0,1
0,0,0,0,1,1,1,0,7,31,12,1,1,1,1,1,1,1
0,0,0,1,0,0,1,0,1,3,1,0,0,0,0,0,0,0
0,0,0,0,1,0,1,0,1,5,2,0,0,1,1,0,1,0
1,1,0,1,1,1,0,1,9,43,9,1,1,1,1,1,1,1
0,0,0,1,0,0,1,0,3,7,3,0,0,0,1,0,0,0
0,0,0,0,0,0,1,0,1,5,3,0,0,0,0,0,0,0
0,1,0,1,1,0,0,1,7,23,3,0,1,0,1,0,1,1
0,1,0,1,1,0,0,0,6,39,8,1,1,0,0,1,1,1
0,0,0,0,0,0,1,0,1,1,0,0,0,0,0,0,1,0
1,1,0,1,1,1,0,0,6,47,6,1,1,0,1,0,1,1
0,0,0,0,0,0,1,0,1,0,2,0,0,0,0,0,0,0
0,0,0,0,0,0,1,0,1,8,1,0,0,0,1,0,0,0
0,0,0,0,0,0,1,0,2,3,1,0,0,0,0,0,0,0
0,1,0,1,1,0,0,0,9,3,4,0,1,1,0,0,1,1
0,0,0,0,0,0,1,0,3,4,2,0,0,0,0,0,0,0
0,0,0,0,0,0,1,0,1,7,3,0,0,0,0,0,0,0
0,0,0,0,0,0,1,0,3,4,0,0,0,0,0,0,0,0
1,1,0,0,1,0,0,1,4,40,3,1,0,0,0,0,1,1
0,0,1,1,1,0,0,1,7,13,14,0,1,0,1,0,0,1
0,1,0,0,1,0,1,0,8,47,12,1,1,0,1,1,1,1
1,0,0,1,1,0,1,0,5,8,8,0,1,0,1,1,1,1
0,1,0,0,1,0,0,0,3,16,9,1,1,0,0,0,1,1
0,0,0,0,0,0,1,0,2,1,4,0,0,0,0,0,1,0
0,1,0,1,1,0,0,0,2,18,9,1,1,0,1,1,1,1
0,0,1,1,1,0,1,0,6,18,8,1,1,0,0,0,1,1
0,0,0,1,0,0,0,1,7,9,10,1,1,1,0,0,1,1
0,0,0,0,1,0,1,1,3,8,4,1,0,0,0,0,0,0
0,0,0,1,0,0,0,0,5,32,3,1,0,0,1,1,1,1
0,1,0,1,0,0,0,0,3,23,4,1,1,0,1,0,1,1
0,0,0,0,0,0,1,1,2,8,0,0,0,0,0,0,0,0
0,1,0,1,0,0,0,1,5,16,2,1,1,0,1,0,1,1
0,1,0,1,0,0,1,1,3,4,2,0,0,0,0,0,0,0
0,0,0,0,0,0,0,0,1,5,3,0,0,0,0,0,1,0
0,0,0,0,0,0,1,0,3,8,4,0,0,1,0,0,0,0
0,0,0,0,0,0,1,0,3,0,2,0,0,0,0,0,0,0
0,1,0,0,0,0,0,0,3,7,4,0,0,0,0,0,0,0
0,0,0,1,1,1,0,0,9,26,13,1,1,1,1,1,1,1
0,1,0,1,0,0,1,0,2,7,1,0,0,0,0,0,0,0
0,0,0,0,0,0,1,0,1,4,0,0,0,0,0,0,0,0
0,1,0,1,1,0,0,1,1,1,4,0,1,1,1,0,1,1
0,1,0,0,0,0,1,0,1,5,1,1,1,0,1,0,0,0
0,0,1,1,1,0,0,0,1,36,6,0,1,0,0,1,1,1
0,1,0,1,1,0,1,1,8,43,10,0,1,1,1,0,1,1
0,1,0,1,1,1,1,1,4,1,6,1,1,0,0,1,1,1
0,0,0,0,1,0,1,0,3,6,3,0,0,0,0,0,1,0
0,0,0,0,0,0,1,0,3,5,4,0,0,0,0,0,1,0
0,1,0,0,0,0,1,0,3,3,4,0,0,0,0,0,0,0
0,1,0,1,1,0,0,0,6,42,9,1,1,1,0,1,1,1
0,0,0,1,0,0,1,0,3,7,4,0,0,0,0,0,0,0
0,1,0,0,1,0,1,0,3,6,1,0,0,0,0,0,0,0
0,0,0,0,0,0,1,0,3,1,0,0,0,0,0,0,0,0
0,1,0,1,0,0,0,0,5,7,11,0,1,1,1,0,1,1
0,0,0,1,1,0,0,0,5,21,4,1,1,0,1,1,1,1
0,1,0,0,0,0,1,1,1,0,4,0,1,0,0,0,0,0
0,1,0,0,0,0,1,0,2,4,4,0,1,0,0,0,0,0
0,1,0,0,0,0,1,0,2,0,2,0,0,0,0,0,0,0
0,0,0,0,0,0,1,0,1,1,1,0,0,0,0,0,0,0
0,1,0,0,1,1,1,0,7,31,14,0,1,0,0,0,1,1
0,0,0,1,0,0,0,1,6,20,12,1,1,1,1,0,1,1
0,1,0,0,0,1,1,1,3,26,3,0,1,0,0,0,1,1
0,1,0,1,1,0,0,0,4,5,11,0,1,0,1,1,1,1
0,0,0,1,0,0,1,0,3,2,4,0,1,0,1,0,0,0
0,0,0,0,0,0,1,0,3,9,2,0,0,0,0,0,0,0
0,0,0,0,0,0,1,0,1,6,4,0,0,0,0,0,0,0
0,1,0,0,1,1,0,1,9,4,2,1,1,0,0,0,1,1
0,0,0,0,0,0,1,0,3,5,0,0,0,0,1,0,0,0
1,0,0,1,1,1,1,0,4,48,8,0,0,1,0,0,0,1
0,1,0,1,1,1,1,0,1,26,4,1,1,0,0,1,1,1
0,0,0,0,0,0,1,0,2,2,4,0,0,0,1,0,0,0
0,0,0,0,0,0,1,0,2,9,0,1,0,0,0,0,1,0
0,0,0,0,0,0,0,0,1,0,0,0,0,0,0,0,0,0
0,1,0,1,0,0,0,1,9,27,3,0,1,1,1,0,1,1
0,0,0,0,0,0,1,0,3,4,4,0,0,0,0,0,1,0
1,0,0,0,1,0,1,0,3,9,0,0,1,1,0,1,1,1
0,0,0,0,0,0,1,0,1,2,4,0,0,0,0,0,0,0
0,1,1,1,1,0,0,1,2,34,1,1,1,1,1,1,0,1
1,1,0,0,0,1,0,0,7,45,8,0,1,0,1,0,0,1
0,0,0,0,0,0,1,0,2,5,4,0,0,0,0,0,0,0
1,0,0,1,1,0,0,0,5,11,5,0,1,0,0,0,1,1
0,1,0,0,1,0,0,0,1,32,3,1,1,0,1,1,1,1
0,0,0,0,0,0,1,0,2,8,0,0,0,0,0,0,0,0
0,1,0,0,1,0,1,0,5,15,3,1,1,0,0,1,0,1
0,0,0,0,0,0,1,0,1,5,3,0,0,0,0,0,1,0
0,1,1,1,1,0,1,0,1,8,13,1,1,0,1,0,1,1
0,0,1,0,0,0,0,0,1,4,3,0,0,0,0,0,0,0
0,0,0,1,0,0,1,1,1,8,0,1,0,0,0,0,1,0
0,1,1,1,1,1,0,0,4,18,5,1,1,1,0,1,1,1
0,1,0,1,1,0,0,0,1,15,0,1,1,0,1,0,0,1
0,1,1,1,1,0,0,1,1,35,5,0,1,1,1,0,1,1
0,1,0,1,1,0,0,0,8,31,12,0,1,1,0,0,0,1
0,0,0,0,1,1,1,1,8,6,13,0,1,0,1,0,1,1
0,0,0,0,0,0,1,1,2,4,4,0,0,0,0,0,1,0
0,0,1,0,1,1,1,0,2,6,0,1,0,0,1,0,0,1
0,0,0,0,1,0,1,0,3,2,4,0,0,0,0,0,0,0
0,0,0,0,1,0,1,0,3,2,1,0,1,0,0,0,1,0
1,1,0,1,1,0,0,0,8,40,0,1,1,1,1,0,1,1
0,1,0,0,0,0,1,0,3,9,2,0,0,0,0,0,0,0
0,0,0,0,0,0,1,0,3,9,4,0,1,0,1,0,0,0
0,0,0,0,0,0,1,0,3,8,1,0,0,0,1,0,0,0
0,0,0,0,0,0,1,0,2,6,0,0,0,0,0,0,0,0
0,0,0,1,1,1,0,1,8,26,14,1,1,1,1,1,0,1
0,0,0,0,0,0,1,0,3,9,1,0,0,0,0,0,0,0
1,0,0,1,1,1,1,0,5,18,6,1,1,0,1,1,0,1
0,1,0,1,1,1,0,0,5,20,11,1,1,0,1,0,1,1
0,0,0,1,1,0,1,0,1,1,3,0,0,0,0,0,0,0
0,1,0,1,0,0,0,0,8,26,1,1,1,0,1,0,1,1
0,1,1,1,1,0,0,1,5,42,0,0,1,0,0,0,1,1
0,0,0,1,0,0,0,0,1,38,7,1,1,1,1,0,1,1
0,0,0,0,0,0,1,0,3,0,4,1,0,0,0,0,0,0
0,1,0,0,0,0,0,0,5,19,14,1,0,0,1,1,0,1
1,1,0,1,1,0,0,0,3,43,4,0,1,1,1,0,1,1
0,1,1,1,0,0,0,1,1,42,6,0,1,0,1,0,1,1
0,0,0,0,0,0,1,0,2,6,3,0,0,0,0,0,0,0
1,0,1,1,1,0,1,1,7,41,13,1,1,0,0,1,1,1
0,0,0,0,0,0,1,0,1,7,0,0,0,0,0,0,0,0
0,0,0,1,0,0,1,0,2,7,0,1,0,0,0,0,1,0
0,1,0,0,0,0,1,0,2,4,2,0,0,0,0,0,0,0
0,0,0,0,0,0,1,0,2,0,4,0,0,0,0,0,1,0
0,0,0,0,0,0,1,0,1,8,2,0,1,0,0,0,0,0
0,0,0,0,0,0,1,0,3,2,1,0,0,0,0,0,1,0
0,1,0,1,1,0,0,0,6,20,8,0,1,0,0,0,1,1
0,0,0,0,0,0,0,0,2,4,3,0,0,0,0,0,0,0
0,0,0,1,0,0,0,0,4,27,6,1,1,1,1,1,1,1
0,0,0,1,0,0,0,0,2,33,5,1,1,1,1,0,0,1
0,0,0,0,0,0,1,0,3,7,1,0,0,0,1,0,0,0
1,0,1,1,0,0,0,1,5,5,5,0,1,0,0,0,1,1
0,0,0,1,1,0,1,0,6,39,4,1,1,0,0,1,1,1
1,0,1,1,1,0,0,0,1,29,4,0,1,1,0,0,1,1
1,0,1,1,0,1,0,0,8,7,1,1,1,0,0,0,1,1
0,0,0,1,0,0,1,0,2,4,4,0,0,0,0,0,0,0
1,0,0,0,0,0,0,1,5,32,5,0,1,0,0,0,1,1
0,0,0,0,1,1,1,0,3,0,2,1,0,0,0,0,0,0
0,1,0,1,0,0,1,1,5,3,9,0,1,0,0,0,1,1
1,1,0,1,1,0,0,1,7,43,5,1,1,1,1,1,0,1
0,0,0,0,0,0,1,0,2,3,2,0,0,0,0,0,0,0
0,1,0,1,1,0,0,0,6,32,4,1,1,0,1,0,1,1
0,0,0,1,1,1,0,1,9,46,13,0,0,0,1,0,1,1
0,0,0,0,1,0,1,1,7,11,0,0,1,1,1,1,0,1
0,0,0,0,0,0,1,0,3,7,2,0,0,0,0,0,0,0
0,0,1,1,0,1,0,1,2,38,9,0,1,0,1,0,0,1
0,0,0,0,0,0,1,0,3,4,3,0,1,0,0,0,0,0
1,1,1,0,1,0,0,1,5,46,14,1,1,1,0,0,1,1
0,0,0,0,0,0,0,0,1,8,2,0,0,0,0,0,0,0
0,0,0,0,1,0,1,0,2,0,1,0,0,0,0,0,0,0
0,0,0,1,1,0,1,0,2,19,2,0,1,0,1,0,1,1
0,1,0,1,0,1,1,1,3,30,8,1,1,0,1,1,1,1
0,0,0,1,0,0,0,1,3,9,1,0,1,0,0,0,0,0
0,0,0,0,0,0,1,0,3,3,4,0,0,0,0,0,0,0
1,1,0,1,1,1,0,1,3,49,13,1,1,0,1,0,1,1
0,1,0,0,0,0,1,0,3,1,3,0,0,0,0,0,1,0
0,0,0,1,0,0,0,0,1,7,5,1,1,1,0,0,1,1
0,0,1,1,1,0,0,0,1,31,1,1,1,0,1,0,1,1
0,1,1,1,1,0,0,0,6,5,9,1,1,0,0,1,0,1
0,1,1,1,0,0,1,1,7,24,0,0,1,0,0,1,0,1
0,0,0,0,1,0,1,0,3,4,3,1,0,0,0,0,0,0
0,1,1,1,1,0,0,0,3,4,13,1,1,0,0,0,1,1
0,0,0,1,0,0,1,0,2,1,2,0,0,1,0,0,0,0
0,1,0,1,1,0,0,0,8,49,13,1,1,0,0,0,1,1
0,0,0,1,0,0,1,0,1,6,0,0,0,0,0,0,0,0
0,0,0,1,1,0,0,0,4,2,7,0,1,0,1,0,1,1
0,0,0,0,0,0,1,0,2,0,3,0,0,0,0,0,1,0
0,0,0,0,0,0,1,0,1,5,3,0,0,1,0,0,0,0
0,1,0,1,1,0,0,1,1,37,10,1,1,0,1,1,1,1
0,1,0,1,1,0,0,0,4,15,9,1,1,0,1,0,1,1
0,1,0,1,0,1,0,0,6,46,7,1,1,0,1,0,1,1
0,1,0,1,1,0,0,1,7,32,9,1,1,1,1,0,1,1
0,0,0,0,0,0,1,0,1,9,2,0,1,0,0,0,0,0
0,1,0,1,1,0,0,1,1,46,12,1,1,0,0,0,1,1
0,0,0,0,0,0,1,0,1,8,3,0,0,0,0,0,0,0
0,0,0,0,0,0,1,0,3,0,1,0,0,0,0,0,0,0
1,1,0,1,0,0,0,1,7,41,2,1,1,1,1,1,1,1
0,0,0,0,1,0,1,0,2,7,2,0,0,0,0,0,0,0
0,0,0,0,1,0,1,0,2,9,2,1,0,0,0,0,0,0
0,0,0,0,0,0,1,0,2,4,2,0,0,0,0,0,0,0
0,0,0,0,0,0,1,0,2,8,3,0,0,0,0,0,1,0
0,0,0,1,1,1,0,1,7,2,6,0,1,0,1,0,1,1
0,0,0,0,1,0,1,0,7,45,13,1,1,0,1,1,1,1
0,1,0,1,1,0,1,0,6,16,9,1,1,0,0,0,1,1
0,1,0,1,1,1,0,1,6,22,1,1,1,1,0,0,1,1
0,0,0,0,0,0,1,0,1,0,1,0,0,0,0,0,0,0
0,0,0,0,0,0,1,1,1,4,2,0,0,0,0,0,0,0
0,1,0,0,1,0,0,0,9,18,11,0,1,1,1,0,1,1
1,1,0,1,1,0,0,1,6,28,6,0,1,1,0,1,0,1
1,1,0,1,1,1,1,0,2,24,14,1,1,0,1,1,1,1
0,0,0,0,0,0,1,0,1,3,0,0,0,0,0,0,0,0
1,1,0,1,1,0,0,0,3,15,11,0,1,0,0,1,1,1
0,1,0,1,1,0,1,1,6,46,12,1,1,0,0,0,0,1
0,1,0,1,1,1,0,0,6,20,8,0,1,0,0,0,0,1
0,0,0,0,0,0,1,0,3,9,4,0,0,0,0,0,0,0
0,0,0,1,0,0,0,0,2,6,0,0,0,0,1,0,0,0
0,0,0,0,0,0,1,1,3,5,0,0,0,0,0,0,0,0
0,0,0,0,0,0,1,0,1,3,2,0,0,0,0,0,0,0
0,0,0,0,0,0,0,0,1,1,0,0,0,0,0,0,1,0
0,1,0,0,0,0,1,0,2,3,1,0,0,0,0,0,0,0
0,0,0,0,0,0,1,1,1,7,3,0,0,0,0,0,0,0
0,0,0,0,0,0,1,0,3,2,1,0,0,0,0,0,0,0
0,0,0,0,0,1,0,0,8,30,10,1,0,0,1,0,1,1
0,1,0,0,0,0,0,1,9,34,2,0,1,0,1,0,1,1
0,0,0,1,0,0,1,0,2,4,2,0,0,0,0,0,1,0
0,0,0,0,0,0,1,0,1,5,1,0,0,0,0,0,0,0
0,1,0,1,0,0,1,0,3,5,4,1,1,0,1,0,0,1
0,1,0,1,0,0,1,0,2,3,1,0,0,0,1,0,0,0
0,0,0,0,0,0,1,0,2,4,4,0,0,0,0,0,0,0
0,0,0,0,1,0,0,0,3,0,2,0,0,0,1,0,0,0
0,1,0,1,1,0,0,0,9,16,10,1,1,1,1,1,1,1
0,1,0,1,1,0,1,1,2,27,7,1,1,0,1,0,1,1
0,1,0,1,1,0,0,0,2,21,11,1,1,0,1,0,0,1
0,1,0,0,0,0,0,0,2,4,12,1,1,1,1,0,1,1
0,0,0,1,1,0,0,1,8,34,9,1,1,0,0,0,1,1
0,0,0,0,1,0,1,0,2,9,0,0,0,0,0,0,0,0
0,1,0,0,0,0,0,0,8,26,13,1,1,0,1,0,1,1
0,0,0,0,0,0,1,0,3,4,4,1,0,0,0,0,0,0
0,0,0,0,0,0,1,0,1,1,0,0,1,0,0,0,0,0
0,0,0,0,1,0,0,0,4,4,12,1,1,1,1,0,1,1
0,1,0,1,1,0,0,0,6,26,4,1,1,1,1,0,1,1
0,0,0,0,0,0,1,0,3,9,0,0,0,0,0,0,0,0
0,0,0,0,1,0,1,0,3,1,1,0,0,0,0,0,0,0
0,0,0,0,0,0,1,0,3,7,0,0,0,0,1,0,0,0
0,1,0,1,0,1,0,1,8,10,2,0,1,0,1,0,0,1
0,0,0,1,1,0,0,0,9,49,10,0,1,0,1,0,1,1
1,1,1,0,1,0,0,0,1,13,13,0,1,0,0,0,1,1
1,0,0,1,1,0,0,0,6,36,5,1,1,0,0,1,1,1
0,1,0,1,1,1,0,1,6,5,12,1,1,0,1,0,1,1
0,0,0,0,0,0,1,0,1,7,1,0,0,0,0,0,0,0
0,0,0,1,1,0,0,0,8,43,2,1,1,0,0,0,1,1
0,0,0,0,0,0,1,1,2,8,0,0,0,0,0,0,0,0
0,0,0,1,0,0,1,0,1,8,3,0,0,0,0,0,1,0
0,0,0,0,0,0,1,0,2,4,3,0,0,0,1,0,0,0
0,1,0,1,0,0,0,0,6,17,13,1,1,1,0,0,1,1
0,0,1,1,1,0,0,0,6,38,6,1,1,0,0,1,1,1
0,0,0,0,0,0,0,0,2,29,14,1,1,0,0,0,1,1
0,0,0,0,1,0,1,0,2,8,3,0,0,0,0,1,0,0
0,0,0,0,0,0,1,0,1,0,4,0,0,1,0,0,1,0
0,1,0,0,0,0,1,0,1,8,4,0,0,0,0,0,0,0
0,0,0,0,0,0,1,1,3,0,4,0,0,0,0,0,0,0
0,0,1,0,0,0,1,0,2,4,2,0,1,0,1,0,0,0
0,0,0,1,0,0,1,0,3,0,1,0,0,0,0,0,0,0
0,1,1,0,1,0,0,0,5,41,4,1,1,0,1,1,1,1
0,1,0,1,0,1,0,0,3,4,3,1,1,0,1,0,1,1
0,1,0,1,1,0,0,1,4,40,9,0,1,1,0,0,1,1
0,1,0,1,1,0,0,1,5,23,13,0,1,0,0,0,1,1
0,0,0,0,0,0,1,0,3,3,0,0,0,0,0,0,0,0
0,0,0,0,0,0,1,0,2,9,0,1,0,0,0,0,0,0
1,0,0,1,1,1,1,0,6,46,3,0,1,0,0,0,1,1
0,0,1,0,0,0,1,0,2,1,1,0,0,0,0,0,0,0
0,1,0,1,1,0,0,0,4,45,9,1,0,0,1,0,1,1
0,1,0,1,1,0,0,0,8,45,7,1,0,0,0,0,1,1
0,1,0,1,0,0,0,1,7,16,11,1,1,1,1,0,1,1
0,0,0,0,0,0,1,0,2,1,3,0,0,0,0,0,1,0
0,1,1,1,1,0,1,0,6,38,6,1,1,0,1,0,1,1
0,1,0,1,1,0,0,0,9,13,13,1,1,0,0,1,1,1
1,1,0,1,0,1,0,0,4,47,12,0,0,1,0,1,1,1
0,0,0,1,0,0,1,0,3,3,3,0,0,0,0,0,1,0
0,0,0,0,0,0,1,0,2,1,0,0,0,0,0,0,0,0
0,1,0,0,1,0,1,0,2,18,9,0,1,1,1,1,1,1
0,0,0,0,0,0,1,0,1,2,1,0,0,0,0,0,0,0
0,0,0,0,0,0,1,0,2,2,3,0,0,0,0,0,1,0
0,0,0,0,0,0,1,0,3,7,3,0,0,0,0,0,1,0
0,1,0,0,0,0,1,0,2,4,0,0,1,0,0,0,0,0
0,0,0,0,1,0,1,0,3,1,3,0,0,0,0,0,0,0
0,0,0,0,0,0,1,0,1,6,0,0,0,0,0,0,0,0
0,0,0,0,0,0,1,0,1,8,0,0,0,0,0,0,0,0
0,1,0,0,0,0,1,0,3,6,3,0,0,0,0,0,0,0
0,0,0,0,0,0,1,0,3,1,2,0,0,0,0,0,1,0
0,1,0,0,1,0,1,0,1,0,0,0,1,1,0,0,0,0
1,1,0,1,1,0,0,0,3,26,3,1,1,0,1,0,1,1
0,1,0,1,1,1,1,0,6,38,8,0,1,0,0,0,1,1
0,0,0,0,0,0,1,1,3,4,4,0,0,0,0,0,0,0
0,1,0,1,1,1,0,1,2,37,3,1,1,1,0,0,1,1
1,1,0,1,0,0,0,1,6,12,5,1,1,0,0,0,1,1
0,0,0,0,0,0,1,0,3,7,0,0,0,0,0,0,0,0
0,0,0,1,0,0,1,0,2,5,3,0,0,0,0,0,0,0
0,0,0,0,0,0,1,0,1,6,4,0,1,0,0,0,0,0
0,1,1,0,0,0,0,0,3,36,7,0,1,1,0,0,1,1
1,0,1,1,1,0,0,0,7,20,7,1,0,0,0,0,0,1
0,0,0,0,0,0,1,0,3,6,2,0,0,0,0,0,0,0
0,0,0,0,0,0,1,0,3,7,2,0,0,0,0,0,0,0
0,0,0,0,0,0,1,0,3,3,0,1,0,0,0,0,0,0
1,0,0,1,1,0,0,0,2,17,13,1,1,0,0,0,1,1
1,1,0,1,0,0,0,0,9,21,11,1,1,0,0,1,1,1
0,0,0,1,1,1,1,1,6,5,7,0,0,0,0,0,1,1
0,1,0,1,0,0,0,0,5,41,13,0,1,1,1,0,1,1
0,0,0,0,0,0,1,0,1,1,2,0,1,0,0,0,0,0
0,0,0,0,0,0,1,0,2,3,0,0,0,0,0,0,0,0
0,0,0,0,0,0,1,0,3,6,0,0,0,0,0,0,0,0
0,0,0,0,0,0,0,0,1,4,0,0,0,0,0,0,1,0
1,0,0,1,1,0,0,0,6,27,4,0,1,0,1,0,1,1
1,0,0,1,1,0,0,0,3,12,0,0,1,0,0,0,0,1
0,0,0,0,0,0,1,0,2,7,4,0,0,0,0,0,0,0
0,0,0,0,0,0,1,0,2,0,0,1,1,0,0,0,0,0
0,1,1,1,1,0,1,0,2,43,5,0,0,0,1,0,1,1
0,0,0,0,0,0,1,0,1,0,2,0,1,0,0,0,1,0
0,0,0,1,1,0,0,1,7,20,1,0,1,0,1,1,1,1
0,0,0,0,0,0,1,0,3,5,3,0,0,0,1,0,1,0
0,0,0,0,0,0,1,1,1,6,3,0,0,0,0,0,1,0
0,0,1,0,0,0,1,0,2,1,1,0,0,0,0,0,0,0
0,0,0,0,0,0,1,0,3,4,0,0,0,0,0,0,0,0
0,0,0,0,0,0,1,0,2,2,2,0,0,0,0,0,1,0
0,0,0,0,0,0,1,0,2,9,2,0,0,0,0,0,0,0
0,0,0,0,0,0,1,0,1,2,4,0,0,0,0,0,0,0
0,1,0,1,1,0,1,0,2,33,11,0,1,1,0,0,1,1
0,0,0,1,1,0,0,1,3,41,8,0,1,1,0,0,1,1
0,1,0,1,1,0,0,1,7,16,8,1,1,1,0,0,1,1
0,1,0,1,0,0,1,0,1,26,2,1,1,1,1,0,1,1
1,0,0,1,0,0,0,1,4,27,12,1,1,1,1,0,1,1
0,0,0,0,0,0,1,0,1,8,1,0,0,0,1,0,1,0
0,0,0,0,0,0,1,0,2,9,2,0,0,0,1,0,0,0
1,1,0,1,0,0,0,0,9,40,9,0,1,0,0,1,1,1
0,0,0,0,0,0,1,0,2,3,0,0,1,0,0,0,1,0
0,1,1,1,1,0,0,1,7,38,8,0,1,1,0,0,1,1
0,1,0,1,0,0,0,0,5,10,2,1,1,1,1,0,1,1
0,0,0,0,1,0,1,0,3,3,3,0,0,0,0,0,0,0
0,0,0,0,0,0,1,0,1,4,4,0,0,0,0,0,0,0
0,1,0,0,0,0,1,0,1,3,4,0,0,0,0,0,0,0
1,1,1,1,1,0,0,1,2,36,3,1,1,1,1,0,0,1
0,0,0,0,0,0,1,0,2,9,0,1,0,0,0,0,0,0
1,0,0,1,0,0,1,0,8,14,5,0,1,0,0,1,0,1
0,0,0,1,1,0,0,0,9,21,13,1,1,0,1,0,0,1
0,0,0,1,1,0,1,0,3,28,13,0,1,1,0,0,1,1
0,0,0,0,0,0,1,0,2,7,0,0,0,0,0,0,1,0
0,0,0,1,0,0,0,0,3,8,2,0,0,0,0,0,0,0
0,1,1,1,1,0,1,0,9,31,4,1,1,0,0,1,1,1
0,0,0,0,0,0,1,0,3,8,4,0,0,0,0,0,0,0
0,0,0,0,0,0,1,1,3,4,3,0,0,0,1,0,0,0
0,1,0,0,0,0,1,0,1,0,3,0,0,0,0,0,0,0
0,1,0,0,1,0,0,1,2,37,12,0,1,0,1,0,1,1
0,1,0,1,1,1,0,0,4,34,2,0,1,0,0,0,1,1
0,0,0,0,0,0,1,0,2,2,1,0,0,0,0,0,0,0
0,1,0,1,0,1,0,0,9,40,10,1,1,1,1,0,1,1
0,0,0,0,0,0,1,0,2,2,3,0,1,0,0,0,0,0
0,0,0,0,0,0,1,0,3,1,0,0,0,0,0,0,1,0
0,0,0,1,0,0,1,0,2,3,2,0,0,0,1,0,0,0
0,0,0,0,0,0,1,1,3,6,4,0,0,0,0,0,0,0
0,1,0,1,1,0,1,0,7,19,0,0,1,0,1,1,1,1
0,1,0,1,1,0,1,0,9,30,9,1,1,0,1,1,1,1
0,1,0,1,1,0,1,0,4,45,10,0,1,1,0,0,0,1
0,1,0,0,1,0,1,0,3,7,0,0,0,0,0,0,0,0
0,0,0,0,0,0,1,0,2,4,4,0,0,0,0,0,1,0
0,0,0,0,1,0,0,0,3,3,2,0,0,0,0,0,1,0
0,1,1,1,1,0,0,0,7,47,13,1,1,0,1,0,1,1
0,0,0,0,0,0,1,0,1,4,2,0,0,1,0,0,1,0
0,1,0,1,1,0,0,0,3,22,7,0,1,0,0,0,0,1
1,0,1,1,1,1,1,0,6,8,14,1,1,0,0,0,1,1
1,1,0,1,0,0,0,0,1,21,13,1,1,1,0,0,1,1
0,1,1,1,1,0,0,0,1,28,4,1,1,0,1,0,0,1
1,0,0,1,1,0,0,0,5,3,8,0,1,1,0,0,1,1
0,0,1,1,0,0,1,0,4,17,11,1,1,0,1,0,1,1
0,0,0,0,0,0,1,0,3,8,1,0,0,0,0,0,0,0
0,0,0,1,0,0,1,0,3,9,1,0,0,0,0,0,0,0
0,0,0,1,1,0,1,0,7,49,9,1,1,0,0,0,1,1
0,0,0,1,1,0,0,0,5,40,1,1,1,0,0,0,1,1
0,0,0,0,0,0,1,0,1,8,0,0,0,0,0,0,0,0
1,0,1,1,0,1,0,1,5,39,9,1,1,0,1,0,1,1
0,1,0,1,1,0,0,0,9,38,6,0,1,0,0,1,1,1
0,0,0,0,0,0,1,0,2,5,4,0,0,0,0,0,0,0
0,1,1,0,1,0,0,0,2,24,6,0,1,0,0,1,1,1
0,1,0,1,1,0,0,0,4,25,7,0,1,1,0,1,1,1
0,0,1,1,0,0,0,1,5,38,7,0,1,1,0,0,1,1
0,0,0,0,0,0,1,1,1,4,3,0,0,0,0,0,0,0
0,0,0,1,0,0,1,0,1,8,1,0,0,0,0,0,0,0
0,0,0,0,0,0,1,0,2,2,2,0,0,0,0,0,0,0
0,1,0,1,1,0,0,1,6,6,3,1,1,0,1,0,1,1
0,0,0,1,1,1,0,0,6,19,2,1,1,0,1,0,1,1
0,0,0,0,0,0,1,0,3,4,3,1,0,0,0,0,0,0
1,0,0,1,1,1,0,0,4,4,12,1,1,1,0,0,1,1
0,1,0,1,0,0,0,0,2,0,6,1,0,0,0,0,1,1
0,1,0,1,1,1,0,1,9,47,13,0,1,1,1,0,0,1
0,0,0,1,1,0,0,0,7,24,1,1,0,1,0,0,0,1
1,0,1,1,1,0,0,0,3,37,8,1,1,0,1,0,1,1
0,0,0,0,0,0,0,0,3,7,1,0,0,0,0,0,0,0
0,1,0,1,0,1,1,0,7,17,1,1,1,0,1,1,0,1
0,0,0,0,0,0,1,0,2,1,1,0,0,0,0,0,0,0
1,1,0,0,0,0,0,0,4,44,0,0,1,0,0,0,1,1
0,0,0,0,0,0,1,0,2,2,0,0,0,0,0,0,1,0
1,1,0,0,1,0,1,0,2,18,11,0,0,1,1,1,1,1
0,0,0,0,0,0,1,0,2,7,4,0,0,0,0,0,1,0
0,1,0,1,1,0,0,0,6,46,1,1,1,0,1,0,1,1
0,0,0,0,0,0,1,0,2,7,0,0,0,0,0,0,0,0
1,1,0,0,1,0,0,0,3,24,2,1,1,0,1,0,1,1
0,0,0,0,0,0,0,0,1,7,4,0,1,0,0,0,0,0
0,0,0,1,1,0,1,0,4,18,12,0,1,0,1,0,1,1
0,0,0,1,0,0,1,1,1,4,3,0,0,0,0,0,0,0
0,0,0,0,0,0,1,0,2,6,2,0,0,0,0,0,0,0
1,1,0,1,1,0,0,0,8,42,3,0,0,1,1,0,0,1
0,1,0,1,0,0,0,1,6,33,14,0,1,0,0,0,1,1
0,0,0,0,0,0,1,1,3,7,2,0,1,0,0,0,0,0
1,1,0,0,1,0,0,1,6,13,1,1,1,0,1,0,1,1
0,0,0,0,0,0,1,0,2,2,0,0,1,0,0,0,0,0
0,0,0,0,0,0,1,1,2,4,3,0,0,0,0,0,0,0
0,0,0,0,0,0,1,0,1,0,4,0,0,0,0,0,0,0
0,1,0,0,1,0,0,1,8,30,2,1,1,1,0,0,1,1
0,0,0,0,0,0,1,0,2,4,3,0,0,0,0,0,0,0
0,0,0,0,1,0,1,0,2,1,3,0,0,0,1,0,0,0
0,0,0,1,1,0,0,0,5,39,11,0,1,0,1,1,0,1
0,1,0,1,0,0,0,1,9,29,5,1,1,0,0,0,1,1
0,0,0,0,1,0,1,0,1,12,9,0,1,0,0,0,1,1
0,1,0,1,1,0,1,0,1,37,8,0,1,0,0,0,1,1
0,0,0,1,0,0,1,0,1,8,3,0,1,0,0,0,0,0
0,0,0,0,1,0,1,0,2,3,2,0,0,0,0,0,1,0
0,1,0,0,1,0,1,0,3,8,4,0,0,0,0,0,0,0
0,0,0,0,0,0,1,0,2,7,4,0,0,0,0,0,1,0
0,0,1,1,1,0,0,0,6,5,3,0,1,0,0,1,1,1
0,0,0,0,1,0,1,0,2,0,3,0,0,0,1,0,0,0
0,1,0,0,1,0,1,0,2,2,3,0,0,0,0,0,0,0
1,0,0,1,1,0,0,0,5,20,9,1,1,0,0,0,1,1
0,0,0,0,0,0,1,0,2,8,1,0,0,0,0,0,1,0
0,0,0,1,0,0,1,0,3,7,4,0,0,0,0,0,0,0
0,0,0,0,0,0,1,0,2,4,3,0,1,0,1,0,1,0
0,0,0,0,0,0,1,0,2,4,0,0,0,0,0,0,0,0
0,0,0,0,0,0,1,0,3,1,4,0,0,0,0,0,0,0
0,0,0,0,0,0,1,0,3,4,0,0,0,0,0,0,1,0
0,1,0,0,0,0,0,0,4,18,5,1,1,0,0,0,1,1
0,1,0,1,1,0,0,1,1,32,8,0,1,0,1,0,1,1
0,0,0,0,0,0,1,0,2,0,2,0,1,0,0,0,0,0
0,0,0,0,0,0,1,1,1,9,0,0,1,0,0,0,0,0
0,1,0,1,1,0,0,0,8,34,2,1,1,0,0,0,1,1
0,0,0,0,0,0,1,0,2,2,4,0,0,0,0,0,0,0
0,0,0,0,0,0,1,0,3,3,1,0,0,0,1,0,0,0
0,0,0,0,0,0,1,0,1,7,3,0,0,0,0,0,0,0
0,0,1,1,0,0,0,0,5,20,9,0,1,0,0,0,1,1
0,0,0,0,0,0,1,0,3,4,0,0,0,0,0,0,0,0
0,0,0,0,1,0,0,0,1,31,8,0,1,0,1,1,0,1
0,0,0,0,0,0,1,0,2,7,2,0,0,0,0,0,0,0
1,1,1,1,1,0,0,1,3,2,2,1,1,0,0,0,1,1
1,1,0,1,1,0,0,0,1,46,6,1,1,0,1,0,0,1
0,0,0,0,0,0,1,0,1,6,0,0,1,0,0,0,0,0
1,0,0,1,1,0,0,0,2,30,2,1,1,1,0,0,0,1
0,1,0,0,0,0,0,0,1,3,2,0,0,0,1,0,0,0
0,0,0,1,1,0,0,0,2,38,4,0,1,0,1,1,1,1
0,0,0,0,0,0,1,0,3,0,0,0,0,0,0,0,1,0
0,0,0,0,0,0,1,1,2,1,3,0,1,0,0,0,1,0
0,1,0,1,0,0,0,0,5,26,7,0,1,1,1,0,0,1
0,0,0,1,0,0,1,1,3,4,0,1,0,0,0,0,0,0
0,0,0,0,0,0,0,0,3,7,1,0,0,0,0,0,0,0
0,1,0,1,0,1,0,0,4,38,7,0,1,0,0,0,1,1
0,0,0,0,0,0,1,0,2,9,2,0,0,0,0,0,0,0
0,0,0,0,0,0,0,0,1,8,0,0,0,0,0,0,1,0
1,0,0,0,1,0,0,0,8,37,7,1,1,0,1,0,1,1
1,1,0,1,1,0,0,0,4,29,9,1,1,1,0,1,1,1
0,0,0,1,0,0,1,0,1,8,1,0,0,0,0,0,1,0
0,0,0,0,0,0,1,0,2,6,4,0,0,0,0,0,0,0
0,1,0,1,0,0,0,0,3,16,13,1,1,0,1,0,1,1
1,1,0,1,1,1,0,0,5,29,9,0,1,1,1,0,1,1
0,1,0,0,0,0,1,0,1,7,1,0,0,0,0,0,0,0
1,0,0,1,0,1,0,0,1,26,6,1,1,1,1,0,1,1
0,0,0,0,1,0,1,0,3,6,3,0,0,0,0,0,0,0
0,0,0,0,0,0,1,0,3,9,2,1,0,0,0,0,0,0
0,0,0,0,0,0,1,0,1,6,1,0,1,0,0,0,1,0
0,0,0,0,0,0,1,0,3,4,3,0,0,0,1,0,0,0
0,0,0,0,0,0,1,1,3,7,1,0,1,0,0,0,0,0
0,0,0,1,0,0,0,1,4,20,11,0,1,1,1,0,1,1
0,1,1,1,1,1,0,0,7,49,4,1,1,1,0,0,1,1
1,1,0,1,1,1,0,1,1,26,9,0,1,1,0,0,1,1
1,1,0,1,1,0,0,0,6,14,14,1,1,0,0,0,1,1
0,0,0,1,0,0,1,0,2,1,3,0,0,0,0,0,0,0
0,0,0,0,0,0,1,0,1,5,3,0,0,0,0,0,0,0
0,0,1,0,0,0,1,0,1,4,3,0,0,0,0,0,0,0
0,0,0,0,0,0,1,0,2,9,3,0,0,0,0,0,0,0
1,1,0,1,1,0,0,1,2,43,3,1,1,1,1,0,1,1
0,0,0,0,0,0,1,0,3,7,1,0,0,0,0,0,0,0
0,0,0,1,0,0,1,0,3,9,0,0,0,0,0,0,0,0
0,1,0,1,0,0,0,0,9,13,5,1,1,0,0,0,1,1
0,1,0,1,0,1,0,0,7,35,2,1,1,0,0,0,1,1
0,0,0,1,0,0,0,0,3,48,10,1,1,1,0,0,1,1
0,0,0,1,1,0,0,0,6,37,3,1,1,1,0,0,0,1
0,0,0,1,0,0,1,0,3,9,2,0,0,0,0,0,0,0
0,0,0,0,0,0,1,0,3,6,0,0,0,0,0,0,0,0
0,0,1,1,0,0,0,0,7,41,12,1,1,1,1,0,1,1
0,0,0,0,0,0,0,0,2,7,0,0,0,0,0,0,0,0
0,0,0,0,0,0,1,0,1,7,4,0,0,0,0,0,0,0
0,0,0,0,0,0,1,0,2,9,3,0,0,0,0,0,1,0
1,1,0,1,0,0,0,0,6,44,9,0,1,0,0,1,1,1
0,0,0,0,0,0,1,0,1,0,3,0,1,0,0,0,0,0
0,1,1,1,1,0,0,0,5,43,11,1,1,0,1,0,0,1
0,0,0,0,0,0,1,0,2,7,1,0,0,0,0,0,0,0
0,0,0,0,1,0,0,0,3,7,4,0,0,0,0,0,0,0
0,0,0,0,0,0,1,0,2,4,2,0,0,0,0,0,1,0
0,0,0,1,1,1,0,0,4,8,5,0,1,0,1,0,1,1
0,1,0,0,0,0,1,0,2,6,2,0,0,0,0,0,0,0
1,1,0,1,1,0,1,1,5,20,8,0,1,1,1,0,1,1
0,0,0,1,1,0,0,0,5,8,6,1,1,0,1,0,1,1
1,1,0,1,1,0,0,0,4,1,0,0,1,0,0,1,1,1
0,0,0,0,1,0,1,0,2,6,0,0,1,0,0,0,0,0
0,0,0,0,0,0,1,0,3,3,3,0,0,0,0,0,0,0
0,0,0,0,0,0,1,0,1,3,1,0,0,0,1,0,0,0
0,0,0,0,0,0,1,0,3,3,2,0,0,0,0,0,0,0
1,0,0,1,1,0,1,0,2,21,11,0,1,0,1,0,1,1
0,0,0,1,1,0,0,1,6,20,9,1,1,1,0,1,1,1
0,0,1,0,1,0,0,1,4,26,7,1,1,1,1,0,1,1
0,0,0,0,0,0,1,0,2,7,1,0,0,0,1,0,0,0
0,0,0,1,1,0,0,1,6,38,0,0,1,0,1,1,1,1
0,0,0,0,0,0,1,1,3,3,2,0,0,0,0,0,0,0
1,0,1,1,1,0,0,1,9,14,2,0,1,1,0,1,1,1
0,0,0,0,0,0,1,0,2,0,1,0,0,1,0,0,0,0
0,1,0,0,0,0,1,0,3,7,1,0,0,0,0,0,0,0
1,1,1,1,0,1,0,1,2,6,13,1,1,0,0,0,1,1
1,1,0,1,1,0,1,0,1,46,1,1,1,0,0,0,1,1
1,0,0,1,0,0,0,0,8,5,11,1,1,0,0,1,0,1
0,1,0,0,1,0,0,0,4,37,8,1,1,0,0,0,1,1
0,0,0,0,0,0,1,0,1,0,3,0,0,0,0,0,0,0
1,0,0,1,1,0,1,0,5,29,2,1,0,0,0,0,1,1
1,1,0,1,0,0,1,1,9,9,2,0,0,0,1,0,1,1
0,1,0,1,0,1,0,0,6,42,3,1,1,0,0,0,1,1
0,0,0,0,1,0,0,0,1,3,0,0,1,0,0,0,0,0
0,0,0,1,0,0,1,0,1,0,3,0,0,0,1,0,0,0
0,0,0,0,1,1,0,0,6,49,9,1,1,0,0,0,1,1
0,0,0,0,0,0,1,0,1,6,3,0,0,0,0,0,0,0
0,1,1,1,1,0,0,0,9,27,2,0,1,0,0,0,1,1
0,0,0,0,0,0,1,0,3,7,1,0,0,0,0,0,0,0
0,0,0,0,0,0,1,0,1,9,1,0,0,0,0,0,0,0
0,0,0,0,0,0,1,0,1,2,2,0,0,0,0,0,0,0
0,0,0,0,0,0,1,1,2,0,1,0,0,0,0,0,0,0
0,1,0,1,1,1,0,0,9,26,3,1,1,1,0,0,1,1
1,1,0,1,0,0,1,0,5,26,2,1,1,0,0,0,1,1
0,0,0,1,1,1,0,0,1,12,12,1,1,0,1,0,1,1
0,0,0,0,0,0,1,0,3,9,1,0,0,0,0,0,0,0
0,1,0,1,1,0,0,0,9,16,9,1,0,0,1,1,1,1
0,1,0,1,0,0,0,1,4,7,1,1,1,0,0,0,1,1
1,0,0,1,1,0,0,0,7,40,8,0,1,1,0,0,1,1
0,0,0,0,0,0,1,0,2,4,1,0,0,0,0,0,1,0
0,0,0,0,0,0,1,0,1,3,2,0,0,0,0,0,0,0
0,0,0,0,0,0,1,0,2,4,0,1,0,0,0,0,0,0
0,0,0,1,1,0,0,0,9,24,8,1,1,0,1,0,1,1
0,1,0,0,1,1,0,0,2,43,12,0,1,0,1,0,1,1
0,0,1,1,1,0,0,0,6,6,10,0,1,0,1,0,0,1
0,0,0,0,0,0,1,0,2,7,3,0,0,1,0,0,1,0
0,0,0,0,0,0,1,1,1,9,0,0,0,0,0,0,0,0
1,1,1,1,0,0,1,1,1,15,8,0,1,0,1,1,1,1
0,0,0,0,0,0,1,0,2,4,0,0,0,0,0,0,0,0
0,0,0,0,0,0,1,0,3,1,1,0,0,0,0,0,0,0
0,0,0,0,0,0,1,0,1,2,2,0,0,0,0,0,0,0
0,0,0,0,0,0,1,0,3,2,2,0,0,0,0,0,0,0
0,1,1,0,1,0,1,0,1,34,5,1,1,0,0,0,1,1
0,0,0,0,0,0,1,0,3,0,2,0,0,1,0,0,0,0
0,1,0,0,0,0,1,0,3,5,4,0,0,0,0,0,1,0
0,0,0,0,0,0,1,1,1,8,2,0,0,0,0,0,0,0
0,0,0,0,0,0,1,0,2,4,3,0,0,0,0,0,0,0
0,0,0,1,1,0,0,0,7,2,1,1,1,0,1,1,1,1
1,0,0,1,1,0,0,1,4,46,4,0,1,1,0,1,1,1
0,1,0,0,0,0,1,0,2,2,2,0,0,0,0,0,0,0
0,0,0,0,0,0,1,0,3,8,3,0,0,0,1,0,1,0
0,0,0,0,0,0,1,0,3,4,2,0,0,0,0,0,0,0
0,0,0,0,0,1,1,0,3,6,3,0,0,0,0,0,0,0
0,0,0,0,0,0,1,0,3,7,2,0,0,0,0,0,0,0
1,0,0,0,0,0,1,0,3,5,1,0,0,0,0,0,1,0
0,1,0,1,1,1,0,1,6,36,6,1,1,0,1,0,1,1
1,0,0,0,0,0,1,0,1,4,3,0,0,0,0,0,0,0
0,0,1,1,1,0,0,0,8,34,8,0,1,1,0,0,1,1
0,1,1,1,1,1,1,0,7,5,1,0,1,0,1,0,1,1
0,0,0,0,0,0,0,0,3,5,0,0,0,0,0,0,0,0
0,0,0,1,1,1,0,1,8,17,0,1,1,0,0,0,1,1
0,0,0,0,1,0,0,1,3,41,9,0,1,1,1,0,0,1
0,0,1,1,0,1,0,0,3,44,1,0,0,0,1,0,0,1
1,1,0,1,0,0,0,0,4,41,7,1,1,0,1,0,1,1
0,0,0,1,1,0,0,0,4,3,8,0,1,0,0,0,1,1
0,0,0,1,0,0,0,0,2,3,4,0,1,0,0,0,1,1
0,0,0,0,0,0,1,0,3,4,0,1,0,0,0,0,0,0
1,1,1,0,0,0,0,1,7,7,13,1,1,1,0,1,1,1
0,1,1,1,1,0,0,1,7,18,14,1,1,0,1,1,1,1
0,1,0,1,1,0,0,0,3,33,6,1,1,0,1,0,1,1
0,1,0,0,0,0,1,0,1,9,0,0,0,0,0,0,0,0
0,0,1,1,0,0,0,1,6,5,14,1,1,1,0,0,1,1
0,1,0,0,0,0,1,0,2,3,0,1,0,0,0,0,0,0
0,0,0,1,1,0,0,0,4,0,5,0,1,1,0,0,1,1
0,0,0,0,0,0,1,1,1,3,3,0,0,0,0,0,0,0
0,1,0,0,0,0,1,0,1,8,2,0,0,0,0,0,0,0
1,0,0,1,0,0,0,0,2,45,5,0,0,0,0,0,1,1
0,0,0,0,1,0,1,0,9,10,9,1,0,1,1,0,1,1
0,0,0,0,0,0,0,0,2,2,2,0,0,0,0,0,0,0
0,1,0,1,0,0,1,1,4,27,0,1,1,0,1,0,1,1
0,1,0,0,0,0,1,0,1,9,4,0,0,0,0,0,0,0
0,0,0,0,0,0,1,0,3,7,3,0,0,0,1,0,0,0
0,0,0,0,0,0,1,1,1,8,1,0,0,0,1,0,0,0
0,1,0,0,0,0,1,0,1,5,3,0,0,0,0,0,0,0
0,0,0,0,0,0,1,0,2,9,2,0,0,0,0,0,0,0
0,1,0,1,1,0,0,0,5,24,0,0,1,0,0,0,1,1
0,0,0,0,0,0,1,0,2,7,1,0,0,0,0,0,0,0
0,0,0,0,0,0,1,0,2,7,3,0,0,0,0,0,0,0
0,1,0,1,1,1,0,0,7,22,1,1,0,1,0,0,0,1
0,0,0,1,1,0,1,0,3,5,2,0,0,0,0,0,0,0
1,0,1,0,1,1,0,0,6,9,1,1,1,0,1,0,1,1
0,1,0,1,0,0,0,0,7,15,1,0,1,1,0,0,1,1
0,1,0,1,0,1,1,1,6,14,2,0,1,1,0,0,1,1
1,0,0,0,0,0,1,0,3,0,0,0,0,0,0,0,1,0
0,1,0,0,0,0,1,1,2,7,4,0,1,0,0,0,1,0
0,0,0,0,0,0,1,0,2,2,1,0,0,0,0,0,0,0
0,1,0,1,1,0,0,1,6,46,4,0,0,0,0,0,0,1
0,0,0,0,0,0,1,0,1,3,0,0,0,0,0,0,1,0
1,0,0,1,1,0,1,0,4,29,4,1,1,1,1,0,1,1
0,1,0,0,0,0,0,0,3,0,3,0,0,0,0,0,1,0
0,0,0,1,1,0,1,1,3,42,1,1,1,0,0,0,1,1
0,1,0,1,0,0,1,0,3,4,3,0,0,0,0,1,0,0
0,0,0,0,0,0,1,0,2,8,1,0,1,0,0,0,0,0
0,0,0,0,0,0,1,0,3,3,0,0,0,1,0,0,0,0
1,0,1,1,1,0,0,0,8,5,7,0,1,0,1,1,1,1
1,1,0,1,1,0,0,1,6,34,12,0,1,0,1,1,0,1
0,0,0,0,0,0,1,0,2,8,3,0,0,0,0,0,0,0
0,0,0,0,1,0,0,0,3,3,3,0,0,0,0,0,0,0
0,1,0,1,0,1,0,1,6,5,1,1,1,0,0,0,0,1
0,1,0,1,1,0,0,1,4,18,5,0,1,1,0,1,0,1
0,0,0,1,1,0,0,1,1,8,11,1,1,1,1,0,1,1
0,0,0,0,0,0,1,0,1,5,2,0,0,0,0,0,0,0
0,1,0,1,1,1,0,0,7,21,10,0,1,0,1,0,1,1
0,0,0,0,0,0,1,0,3,7,4,0,0,0,0,0,1,0
0,1,0,1,0,0,0,0,6,40,9,1,1,0,1,0,0,1
0,0,0,0,0,0,1,0,3,9,0,0,0,0,0,0,0,0
0,0,0,1,1,0,0,1,7,10,1,1,1,1,0,1,1,1
0,0,0,1,0,1,0,0,1,33,1,1,1,0,1,1,1,1
1,0,0,1,1,0,0,1,8,7,1,0,1,1,1,0,1,1
0,1,1,1,1,0,0,0,2,43,6,1,1,1,1,1,1,1
0,1,0,1,1,0,0,1,9,37,3,1,1,0,0,0,1,1
0,1,0,1,0,0,1,0,3,0,4,0,0,0,0,0,0,0
0,1,1,1,1,0,1,0,9,0,4,0,1,0,0,1,0,1
0,1,0,1,1,1,1,0,4,48,1,0,1,0,1,1,0,1
0,1,1,1,1,0,0,0,5,36,0,0,1,0,1,1,1,1
0,0,0,0,0,0,1,1,2,1,4,0,0,0,1,0,0,0
0,1,0,0,1,0,0,0,8,7,11,0,1,0,1,0,1,1
0,0,0,0,0,0,1,0,3,9,4,0,0,0,0,0,0,0
0,1,1,0,0,0,0,1,6,9,3,0,1,0,0,0,1,1
0,1,0,1,0,0,0,0,9,30,5,1,1,1,1,1,0,1
0,0,0,0,0,0,1,0,2,3,3,0,0,1,0,0,0,0
0,0,0,1,1,0,0,0,8,37,0,1,1,1,0,1,1,1
0,0,0,0,0,0,0,0,1,3,4,0,0,0,0,0,0,0
0,0,0,0,0,0,1,0,1,6,0,0,0,0,0,0,0,0
0,0,0,1,0,0,0,1,4,15,13,1,0,1,0,0,1,1
0,0,0,0,0,0,1,0,1,6,1,0,1,0,1,0,1,0
1,1,0,1,1,1,0,0,4,36,13,1,0,1,0,1,0,1
1,0,0,1,1,0,0,0,4,21,9,0,1,1,1,1,1,1
0,0,0,1,0,0,1,0,3,9,4,0,0,0,0,0,0,0
0,0,0,0,0,0,1,0,3,4,0,0,0,0,1,0,0,0
0,0,0,1,0,0,1,1,3,7,2,0,0,0,0,0,0,0
0,0,0,1,0,0,1,0,2,9,2,0,0,1,0,0,0,0
0,1,0,0,1,0,1,0,9,40,9,0,1,0,1,0,1,1
0,0,0,0,1,0,0,0,2,21,6,0,1,1,1,0,1,1
0,0,0,0,0,0,1,0,3,3,4,0,0,0,0,0,1,0
0,0,0,1,1,0,1,1,6,33,11,0,1,1,1,1,1,1
0,0,0,1,1,1,1,1,1,5,14,1,1,0,0,0,1,1
0,1,0,1,0,0,0,0,4,40,9,1,1,1,0,0,1,1
1,1,0,1,1,0,0,0,7,3,8,1,0,1,0,1,1,1
0,0,0,0,0,0,0,0,1,0,4,0,0,0,0,0,0,0
0,1,0,0,0,0,1,1,2,8,3,0,0,0,0,0,1,0
1,0,0,1,1,0,0,1,2,27,3,1,0,0,1,1,1,1
0,0,0,0,0,0,1,0,2,1,3,1,0,0,0,0,0,0
0,0,0,0,1,0,1,0,1,3,2,0,0,0,0,0,0,0
0,0,0,0,0,0,0,1,2,5,2,0,0,0,0,0,1,0
0,1,0,1,1,0,0,0,6,27,2,1,1,1,1,0,1,1
0,0,0,0,1,0,1,0,2,33,0,1,1,1,0,0,1,1
0,0,0,1,0,1,0,1,7,5,7,0,1,0,0,0,0,1
0,0,0,0,0,0,1,0,3,6,1,0,0,0,0,0,1,0
0,0,0,0,1,0,0,0,9,42,11,1,1,1,0,0,1,1
1,1,0,1,1,0,0,1,1,7,3,1,0,0,1,0,0,1
0,0,0,0,0,0,1,0,3,0,4,0,0,0,0,0,0,0
0,1,0,0,0,0,0,0,7,32,1,1,1,0,0,0,0,1
0,0,0,1,1,0,0,0,3,40,12,1,1,1,1,0,1,1
0,1,0,0,0,0,1,0,1,3,4,0,0,0,0,0,0,0
0,0,0,0,0,0,1,0,1,0,1,0,0,1,0,0,0,0
0,0,0,0,0,1,1,0,3,3,4,1,1,0,0,0,0,0
1,1,0,1,1,1,1,0,1,18,11,1,1,0,1,0,1,1
0,1,0,1,0,0,1,1,6,8,10,0,1,0,0,1,1,1
0,1,0,1,1,0,0,0,7,42,7,1,1,1,0,1,1,1
0,0,0,0,0,0,0,0,3,5,3,0,0,0,1,0,0,0
0,1,0,0,0,0,1,1,2,8,4,0,0,0,0,0,0,0
0,0,0,1,1,0,0,0,8,10,2,1,0,0,1,1,1,1
0,0,0,1,1,0,0,0,1,3,9,0,1,0,0,0,0,1
0,0,0,1,0,0,1,0,1,9,1,0,0,0,0,0,1,0
1,0,0,0,0,0,1,0,1,4,1,0,0,0,0,0,1,0
0,0,0,0,0,0,0,0,2,3,0,0,0,0,0,0,1,0
0,1,0,0,0,0,1,1,2,7,3,0,0,0,0,0,0,0
0,0,0,0,1,0,0,0,2,27,10,1,1,0,1,0,1,1
0,0,0,0,0,0,1,0,2,8,1,0,0,0,0,0,0,0
0,0,0,0,0,1,0,1,3,20,7,1,1,1,0,0,1,1
0,1,1,1,1,0,0,1,4,17,6,1,1,1,1,1,0,1
0,0,0,1,1,0,1,0,4,13,14,1,1,1,1,1,1,1
0,0,0,0,0,0,1,0,3,6,4,0,1,0,0,0,0,0
0,0,0,0,0,0,1,0,3,2,4,0,0,0,1,0,0,0
0,1,0,0,0,0,1,0,2,5,4,0,1,0,0,0,0,0
0,0,0,0,1,0,1,0,3,3,1,0,0,0,0,0,0,0
0,1,0,1,1,0,0,1,1,42,12,0,1,0,0,1,1,1
0,0,0,0,0,0,1,0,1,7,0,0,1,0,0,0,0,0
0,0,0,0,0,0,1,0,1,0,3,0,0,0,0,0,0,0
1,1,0,1,0,0,0,0,8,3,11,1,0,0,0,0,0,1
0,0,0,1,0,0,1,0,2,7,4,0,0,0,0,0,0,0
0,1,0,1,1,0,1,1,4,18,1,0,1,0,1,0,1,1
0,1,0,1,1,1,0,0,1,32,3,0,1,1,1,1,1,1
0,1,0,1,0,0,0,0,9,42,7,1,1,0,0,0,1,1
0,1,0,1,1,0,1,1,1,37,3,0,1,1,0,1,1,1
0,1,0,1,1,0,0,1,7,17,11,1,1,0,1,0,1,1
0,1,1,1,1,0,0,0,9,39,13,1,1,0,1,0,1,1
0,0,0,1,0,1,0,0,7,1,8,0,1,0,1,1,1,1
1,1,1,0,0,0,0,1,4,9,13,0,1,1,1,0,1,1
0,0,0,0,0,0,1,0,3,3,4,0,0,0,1,0,0,0
0,0,0,0,0,0,1,0,2,6,2,0,0,0,0,0,1,0
0,0,0,0,0,0,1,0,2,8,0,0,0,0,0,0,0,0
0,1,0,0,0,0,1,0,3,8,4,0,1,0,0,0,0,0
0,0,0,0,1,0,0,0,8,8,10,1,1,0,1,0,1,1
0,0,0,0,0,0,1,0,3,8,3,0,0,0,0,0,0,0
0,0,0,1,1,0,0,0,7,39,0,0,1,1,0,1,1,1
0,1,0,0,0,0,1,0,1,4,4,1,0,0,0,0,0,0
0,0,0,1,0,0,1,0,3,0,4,0,0,0,0,0,0,0
0,0,0,0,0,0,1,0,2,7,4,0,0,0,0,0,0,0
0,1,0,1,1,1,0,1,1,29,4,0,1,1,1,0,1,1
0,0,0,0,0,0,1,0,2,1,3,0,0,0,0,0,0,0
0,0,0,1,0,0,0,1,1,40,10,1,1,0,0,0,0,1
0,1,0,1,1,0,0,1,5,47,4,1,1,1,0,0,1,1
0,0,0,0,1,0,1,0,1,6,0,0,0,0,1,0,0,0
0,0,0,0,0,0,1,1,1,1,2,0,0,0,1,0,0,0
0,0,0,0,0,0,1,0,1,6,3,0,0,0,0,0,1,0
0,1,0,1,1,1,0,0,1,35,5,0,1,0,0,0,1,1
0,1,0,0,0,0,1,0,1,3,1,0,1,0,0,0,0,0
1,1,0,1,1,0,0,0,4,14,2,1,0,0,0,1,1,1
0,1,0,1,1,0,0,1,3,37,14,1,1,0,1,0,1,1
0,0,0,0,0,0,1,0,3,4,2,0,0,0,1,0,1,0
0,0,0,0,0,0,0,0,2,5,4,0,0,0,0,0,0,0
1,1,0,1,1,1,0,0,9,0,12,0,1,1,0,0,1,1
0,1,0,0,1,0,0,0,8,30,11,1,1,0,1,0,1,1
0,0,0,1,0,0,0,1,7,43,13,1,1,1,1,0,1,1
0,0,0,0,0,0,0,0,2,3,2,0,0,0,0,0,0,0
0,0,1,1,1,0,1,0,6,45,13,1,0,1,0,1,1,1
0,0,0,0,0,0,1,0,2,9,2,0,0,0,0,0,1,0
0,0,0,1,1,0,0,0,4,29,14,1,1,1,1,0,1,1
0,1,0,1,1,0,0,0,8,18,1,0,1,1,1,0,1,1
0,1,0,0,0,0,1,0,2,4,1,0,0,0,0,0,1,0
0,1,1,1,1,0,0,0,4,20,6,0,1,0,0,1,0,1
0,0,0,0,0,0,1,0,2,3,0,0,1,0,0,0,0,0
0,0,0,0,0,0,1,0,1,4,2,0,0,0,0,0,0,0
1,1,0,1,1,1,0,0,8,23,5,0,1,0,1,0,1,1
0,0,0,0,0,0,1,0,2,6,0,0,0,0,0,0,0,0
0,0,0,0,0,0,1,0,1,9,4,0,0,0,0,0,1,0
0,0,1,1,1,0,1,0,4,11,7,0,1,0,1,0,1,1
0,0,0,0,0,0,1,0,1,3,4,0,0,0,0,0,0,0
0,0,0,0,0,0,1,0,1,4,3,0,0,0,0,0,0,0
0,0,0,0,1,0,1,0,3,6,4,0,0,0,0,0,0,0
0,1,0,1,0,0,0,0,4,42,1,0,1,0,1,0,1,1
0,0,0,0,0,0,1,0,2,5,2,0,1,0,0,0,0,0
0,0,0,1,1,0,0,0,1,7,4,0,1,0,0,1,1,1
1,1,0,1,0,1,1,1,5,45,6,0,1,0,1,0,0,1
0,0,0,0,0,0,1,0,1,9,4,0,0,0,0,0,0,0
0,0,0,0,0,0,1,0,2,4,1,0,0,0,0,0,0,0
0,0,0,0,0,0,1,0,1,1,3,0,1,0,0,0,1,0
1,0,1,1,1,0,1,0,8,5,12,1,1,0,1,0,0,1
0,0,0,1,0,0,1,0,3,1,3,0,0,0,0,0,0,0
0,0,0,1,0,0,1,0,3,7,0,0,0,0,0,0,1,0
0,0,0,0,0,0,1,0,1,6,0,0,0,0,0,0,1,0
0,0,0,0,0,0,1,0,3,5,2,0,0,0,0,0,0,0
0,0,0,0,0,0,1,0,1,8,1,0,0,1,0,0,0,0
1,1,1,1,1,1,0,0,8,12,1,1,1,1,0,0,1,1
1,1,1,1,1,1,1,0,9,40,7,0,1,1,1,1,1,1
1,0,0,1,1,0,1,0,2,6,1,0,0,0,1,0,0,0
0,0,0,0,0,0,1,0,3,1,1,0,1,0,0,0,1,0
0,0,0,0,0,0,1,0,2,7,0,0,0,0,0,0,0,0
0,0,0,0,0,0,1,0,3,3,3,0,0,0,0,0,0,0
1,0,0,1,1,1,0,0,6,3,2,1,0,1,1,1,1,1
0,0,0,0,1,0,1,0,3,6,1,0,0,0,0,0,0,0
0,1,1,1,1,0,1,0,9,20,6,0,1,0,0,0,1,1
0,0,0,1,1,0,0,0,5,30,12,1,1,0,0,0,1,1
0,0,0,1,0,0,1,0,1,1,4,0,1,0,0,0,1,0
0,1,0,0,1,1,0,0,9,41,3,0,0,1,1,0,1,1
0,0,1,1,1,0,0,0,1,8,9,0,1,1,0,0,1,1
1,1,0,1,1,0,0,0,2,45,13,1,1,1,1,1,1,1
0,1,0,1,0,0,1,1,8,48,8,0,1,0,1,0,1,1
0,0,0,0,0,0,1,0,3,8,1,0,0,0,0,1,0,0
0,0,0,0,0,0,1,0,1,0,3,0,0,0,0,0,0,0
1,0,0,1,1,1,1,0,8,22,14,1,1,1,1,0,0,1
0,0,0,0,0,0,1,0,2,2,3,0,0,0,0,0,1,0
0,0,0,0,0,0,1,0,3,1,0,0,0,1,0,0,0,0
0,0,0,0,0,0,1,0,1,5,3,0,0,0,1,0,0,0
0,0,0,1,0,0,1,0,2,0,1,0,0,0,0,0,0,0
0,0,0,1,0,0,1,0,3,9,3,0,1,0,1,0,0,0
0,1,0,0,0,0,1,0,4,31,7,0,1,0,1,0,0,1
0,0,0,0,0,0,1,0,2,3,1,0,0,1,0,0,0,0
0,0,0,0,0,0,0,0,2,6,1,0,0,0,0,0,0,0
0,0,0,0,0,0,1,0,2,5,2,0,1,0,0,0,1,0
